h3_id,latitude,longitude,S_saude,S_educacao,S_abastecimento,S_lazer,S_servicos,I_seguranca,A_vegetacao,A_agua,C_conectividade,T_transporte,U_urbanidade,IQC
89a8acc6c47ffff,-22.425713538241478,-45.45477845629558,15.25,9.59,2.73,11.81,12.36,9.63,4.88,0.0,18.54,0.6,0.7,0.5315
89a8acc6c43ffff,-22.427386219168735,-45.4517609784118,15.09,14.61,2.6,12.73,10.82,7.12,7.0,0.0,16.99,0.25,0.9,0.5079
89a8acc6c4fffff,-22.424273987173162,-45.451676263545316,18.56,13.58,2.68,14.19,12.58,7.14,7.91,0.0,18.53,0.35,0.82,0.5559
89a8acc6c7bffff,-22.422601258542908,-45.45469372742703,17.24,8.27,1.98,10.58,12.67,8.41,5.83,0.01,18.43,0.56,0.82,0.5099
89a8acc6c73ffff,-22.424040779985422,-45.45779589987419,13.97,6.82,2.52,10.16,11.79,11.01,4.1,0.0,19.6,0.9,0.96,0.552
89a8acc6c0bffff,-22.42715299768197,-45.45788064355752,8.88,4.65,2.31,7.31,8.46,8.72,3.12,0.0,13.94,0.53,0.31,0.3709
89a8acc6c57ffff,-22.428825708238687,-45.454863185977516,11.16,8.88,2.22,9.78,8.43,7.18,3.82,0.0,18.28,0.35,0.55,0.418
89a8acc6c53ffff,-22.430498341455884,-45.45184569409153,9.7,16.15,1.75,9.39,8.15,4.98,7.02,0.0,12.16,0.06,0.88,0.3791
89a8acc6c5bffff,-22.42905882275296,-45.448743466238966,5.56,17.34,1.43,7.35,5.04,3.42,11.94,0.0,9.95,0.0,0.73,0.3166
89a8acc6c4bffff,-22.425946638471135,-45.44865876537536,14.56,16.53,2.6,13.61,9.63,5.65,12.67,0.0,17.14,0.09,0.84,0.5097
89a8acc6eb3ffff,-22.422834344486404,-45.4485740653249,12.53,9.74,1.66,10.27,7.91,11.9,11.19,0.0,13.84,0.03,0.54,0.3881
89a8acc6eb7ffff,-22.421161645481757,-45.45159154949209,16.87,9.19,1.59,10.71,10.88,11.06,8.21,0.01,16.25,0.24,0.6,0.444
89a8acc6c6bffff,-22.419488869155586,-45.45460899937183,12.79,7.18,0.96,6.31,9.42,11.06,6.4,0.06,14.24,0.37,0.51,0.3605
89a8acc6c63ffff,-22.42092845259461,-45.45771115700435,7.52,3.75,1.26,5.13,6.61,7.9,3.56,0.0,15.3,0.79,1.2,0.3941
89a8acc6c77ffff,-22.422367944414805,-45.46081330913146,6.91,4.83,1.84,5.82,6.64,11.48,2.93,0.0,17.47,0.95,1.42,0.4633
89a8acc6c0fffff,-22.425480209799918,-45.46089806681541,7.64,5.21,2.46,7.32,7.9,13.55,2.63,0.0,19.55,0.94,1.13,0.4975
89a8acc6c03ffff,-22.428592365485237,-45.460982825312975,4.01,3.63,2.34,5.19,5.25,10.51,1.98,0.0,14.4,0.72,0.52,0.3543
89a8acc6c1bffff,-22.430265105671634,-45.45796538805437,6.63,5.2,2.33,6.95,5.73,6.8,2.17,0.0,19.24,0.23,0.31,0.3362
89a8acc6ccfffff,-22.43193776852198,-45.45494791647284,7.06,5.22,1.67,6.85,4.79,4.7,2.77,0.02,17.51,0.12,0.29,0.2863
89a8acc6ccbffff,-22.43361035402204,-45.451930410584545,1.01,1.13,0.38,2.07,0.19,0.57,1.61,0.06,11.06,0.0,0.0,0.0818
89a8acc6127ffff,-22.432170897319324,-45.44882816791572,6.09,10.76,1.5,7.27,3.81,3.15,10.2,0.0,11.22,0.0,0.3,0.2699
89a8acc612fffff,-22.430731348979965,-45.445725919793276,0.47,1.88,0.23,1.45,0.39,0.59,14.4,0.0,3.7,0.0,0.0,0.0886
89a8acc6e97ffff,-22.4276192124226,-45.44564123293335,8.82,15.91,2.1,10.13,6.19,3.64,17.22,0.0,14.56,0.0,0.73,0.4167
89a8acc6e87ffff,-22.424506966155274,-45.44555654688642,8.74,11.32,2.01,9.04,5.31,3.24,18.2,0.0,12.46,0.0,0.65,0.3798
89a8acc6ebbffff,-22.421394610190585,-45.44547186165251,7.72,11.92,0.83,7.09,4.68,26.85,16.58,0.11,17.87,0.0,0.5,0.3739
89a8acc6ea3ffff,-22.419721940811364,-45.44848936608755,11.69,18.14,1.13,8.88,7.43,35.81,13.5,0.19,18.79,0.04,0.68,0.4633
89a8acc6ea7ffff,-22.418049194107123,-45.45150683625209,6.8,11.59,0.35,3.04,5.75,20.21,9.66,0.25,9.85,0.01,0.46,0.2589
89a8acc68d3ffff,-22.416376370092078,-45.454524272129994,6.5,16.8,0.33,2.71,4.81,27.83,8.98,0.34,12.76,0.07,0.64,0.3055
89a8acc6c6fffff,-22.417816015522092,-45.45762641494799,3.09,1.52,0.44,1.99,2.48,3.78,4.07,0.0,8.59,0.5,0.6,0.1959
89a8acc6c67ffff,-22.419255569342475,-45.46072855226112,4.3,3.42,0.93,3.12,3.28,6.72,2.93,0.0,13.62,0.72,1.39,0.3314
89a8acc6c2bffff,-22.42069503154384,-45.46383068405124,2.69,4.39,1.09,3.65,2.66,10.8,2.35,0.0,16.85,0.72,1.83,0.3814
89a8acc6c3bffff,-22.4238073446068,-45.463915455735,3.4,4.28,1.96,4.8,4.56,13.48,3.63,0.0,17.83,0.86,1.37,0.4315
89a8acc6c07ffff,-22.42691954797702,-45.4640002282325,2.19,3.13,2.14,4.02,4.01,12.17,3.09,0.0,15.21,0.61,0.49,0.3244
89a8acc6c17ffff,-22.430031641641918,-45.464085001543744,1.86,2.39,1.98,3.84,3.34,8.29,2.62,0.0,17.25,0.44,0.18,0.2758
89a8acc6c13ffff,-22.431704411458167,-45.46106758462417,2.23,2.37,1.84,3.86,2.97,6.03,1.3,0.0,16.15,0.3,0.09,0.2355
89a8acc6cc7ffff,-22.43337710394185,-45.45805013336472,3.13,2.74,1.35,4.08,1.97,2.84,1.32,0.02,16.61,0.03,0.05,0.1854
89a8acc6cc3ffff,-22.43504971907875,-45.45503264778156,2.81,2.13,0.73,3.38,1.06,1.5,1.57,0.06,15.24,0.0,0.04,0.1405
89a8acc6cdbffff,-22.436722256854633,-45.45201512789083,0.77,1.02,0.32,1.85,0.11,0.45,1.46,0.07,10.59,0.0,0.0,0.0738
89a8acc6137ffff,-22.435282862157624,-45.44891287040562,1.01,1.13,0.38,2.07,0.19,0.57,1.61,0.06,11.06,0.0,0.0,0.0818
89a8acc6123ffff,-22.433843375814785,-45.44581060746624,1.11,4.54,0.54,2.88,1.01,0.99,13.47,0.0,5.86,0.0,0.07,0.1314
89a8acc612bffff,-22.432403797835516,-45.44270833909086,2.52,7.75,1.13,4.56,2.13,1.5,12.71,0.0,12.7,0.0,0.18,0.2198
89a8acc6e93ffff,-22.42929170901335,-45.44262366623539,4.6,12.33,1.34,6.75,3.59,2.26,18.66,0.0,12.81,0.0,0.38,0.3047
89a8acc6e83ffff,-22.426179510474174,-45.442538994192816,5.83,10.36,1.57,7.18,3.59,2.46,22.25,0.0,12.91,0.0,0.47,0.3372
89a8acc6e8fffff,-22.423067202230566,-45.44245432296313,4.98,6.08,1.23,6.24,1.79,3.31,19.6,0.0,15.83,0.0,0.29,0.2903
89a8acc6e17ffff,-22.419954784295104,-45.44236965254631,1.93,3.54,0.2,2.53,0.41,16.19,18.4,0.2,15.14,0.0,0.06,0.2112
89a8acc6eabffff,-22.418282144541106,-45.44538717723158,3.17,16.46,0.1,3.41,1.9,40.4,15.64,0.54,15.27,0.0,0.47,0.3179
89a8acc6eafffff,-22.416609427458617,-45.44840466766331,4.62,22.58,0.16,4.01,2.82,40.91,14.18,0.4,13.97,0.0,0.72,0.3491
89a8acc68dbffff,-22.41493663306183,-45.45142212382533,4.42,27.53,0.16,2.66,3.83,42.71,11.9,0.52,13.72,0.0,0.86,0.3623
89a8acc68c3ffff,-22.413263761365013,-45.454439545701504,2.22,11.44,0.02,0.85,1.32,20.24,6.54,0.36,11.27,0.0,0.51,0.1906
89a8acc68d7ffff,-22.414703468780484,-45.457541673705094,4.45,8.72,0.17,1.53,2.89,16.21,7.9,0.23,9.52,0.11,0.42,0.2036
89a8acc689bffff,-22.41614308459552,-45.460643796204394,1.79,2.1,0.07,1.02,0.42,2.28,2.33,0.0,9.02,0.28,1.12,0.166
89a8acc6893ffff,-22.417582608800735,-45.46374591318121,1.58,3.56,0.37,1.87,0.7,5.91,1.52,0.0,15.17,0.42,1.81,0.2775
89a8acc6c2fffff,-22.419022041386757,-45.466848024617384,0.76,3.52,0.33,1.84,0.59,7.14,1.1,0.0,13.11,0.39,1.69,0.2512
89a8acc6c23ffff,-22.422134402116807,-45.466932810300165,0.57,3.42,0.78,2.47,1.31,11.49,3.81,0.0,16.17,0.43,1.48,0.2985
89a8acc6c33ffff,-22.425246653161196,-45.4670175967968,0.29,2.22,0.86,2.19,1.5,11.14,7.05,0.0,17.5,0.34,0.83,0.2661
89a8acc6cabffff,-22.42835879450733,-45.4671023841073,0.35,1.49,1.04,2.35,1.92,7.88,6.44,0.0,16.4,0.19,0.36,0.2157
89a8acc6cbbffff,-22.431470826142633,-45.467187172231675,0.1,0.63,0.75,1.25,1.3,3.15,3.22,0.0,12.26,0.09,0.04,0.1203
89a8acc6c8fffff,-22.433143625588922,-45.46416977566876,0.47,1.34,1.29,2.2,1.87,4.14,2.0,0.0,15.59,0.18,0.02,0.1721
89a8acc6c8bffff,-22.434816347706136,-45.46115234474902,1.18,1.77,1.25,2.78,1.39,2.47,0.99,0.03,16.54,0.06,0.0,0.1597
89a8acc6cd7ffff,-22.43648899248005,-45.458134879488604,0.99,1.44,0.64,2.37,0.3,0.76,0.66,0.08,15.97,0.0,0.0,0.1156
89a8acc6cd3ffff,-22.438161559896432,-45.45511737990369,0.77,1.03,0.32,1.87,0.12,0.45,1.2,0.08,11.66,0.0,0.0,0.0786
89a8acc61a7ffff,-22.43983404994108,-45.45209984601042,0.0,0.23,0.01,0.33,0.0,0.0,0.22,0.27,7.74,0.0,0.0,0.0335
89a8acc61afffff,-22.4383947172553,-45.44899757370869,0.0,0.23,0.01,0.33,0.0,0.0,0.22,0.27,7.74,0.0,0.0,0.0335
89a8acc6133ffff,-22.4369552929145,-45.44589529595224,0.78,0.04,0.61,0.15,0.01,0.0,0.54,0.0,11.61,0.0,0.0,0.0721
89a8acc613bffff,-22.435515776928064,-45.44279301275925,0.95,0.15,0.55,0.32,0.07,0.0,1.84,0.0,8.34,0.0,0.0,0.0609
89a8acc6177ffff,-22.43407616930538,-45.43969072414789,1.36,3.34,0.88,2.41,1.02,0.7,8.14,0.0,11.9,0.0,0.02,0.1444
89a8acc6167ffff,-22.43096412822917,-45.43960606529767,2.19,6.23,0.86,3.92,1.92,1.07,13.72,0.0,11.79,0.0,0.1,0.1946
89a8acc6e9bffff,-22.427851977428876,-45.43952140726023,3.04,7.23,0.89,4.66,2.22,1.27,20.64,0.0,11.76,0.0,0.13,0.2376
89a8acc6e8bffff,-22.424739716917088,-45.43943675003556,4.24,6.21,1.17,5.1,2.14,1.66,25.91,0.0,10.13,0.0,0.26,0.2745
89a8acc6e13ffff,-22.421627346706376,-45.43935209362365,0.44,0.26,0.06,1.02,0.03,0.07,22.11,0.0,9.62,0.0,0.0,0.1355
89a8acc6e03ffff,-22.418514866809353,-45.439267438024494,0.64,2.19,0.0,1.8,0.03,9.62,14.98,1.13,12.06,0.0,0.44,0.1935
89a8acc6e07ffff,-22.41684225668039,-45.44228498294237,1.14,6.06,0.01,1.88,0.29,24.17,16.2,0.55,14.98,0.0,0.25,0.2261
89a8acc6e33ffff,-22.415169569219433,-45.44530249362364,1.04,17.2,0.0,1.51,0.64,42.61,15.72,0.91,12.4,0.0,0.56,0.2939
89a8acc6e37ffff,-22.413496804440733,-45.44831997005217,1.48,34.1,0.0,1.73,1.3,52.99,16.43,0.84,10.03,0.0,0.9,0.367
89a8acc68cbffff,-22.4118239623585,-45.451337412211785,0.93,31.93,0.0,1.79,0.97,45.87,19.09,1.35,6.88,0.0,0.92,0.3536
89a8acc68cfffff,-22.41015104298696,-45.454354820086344,1.18,8.33,0.0,0.6,0.7,15.36,4.78,0.31,11.26,0.0,0.41,0.151
89a8acc68c7ffff,-22.411590812382368,-45.45745693327567,1.07,4.73,0.0,0.35,0.46,9.27,5.02,0.28,7.36,0.0,0.28,0.1019
89a8acc688bffff,-22.413030490186536,-45.460559040961236,1.22,2.09,0.05,0.8,0.11,1.84,1.84,0.0,8.58,0.18,1.21,0.151
89a8acc6883ffff,-22.414470076390096,-45.46366114312489,0.6,2.35,0.01,0.62,0.04,1.72,1.0,0.0,8.78,0.11,1.36,0.1465
89a8acc6897ffff,-22.415909570983633,-45.46676323974845,0.57,2.37,0.01,0.64,0.04,1.78,0.6,0.0,13.99,0.11,1.37,0.172
89a8acc6d5bffff,-22.41734897395779,-45.46986533081375,0.0,1.66,0.07,0.98,0.09,5.18,0.44,0.0,8.0,0.07,0.79,0.1058
89a8acc6c27ffff,-22.42046138234419,-45.46995013049475,0.02,2.11,0.21,1.33,0.3,8.21,1.21,0.0,10.96,0.15,1.0,0.1597
89a8acc6c37ffff,-22.423573681051998,-45.470034930989726,0.0,0.65,0.24,0.93,0.4,6.86,11.34,0.0,12.91,0.08,0.31,0.1542
89a8acc6cafffff,-22.42668587006863,-45.47011973229869,0.0,0.39,0.14,0.74,0.48,5.01,15.55,0.0,10.73,0.04,0.22,0.1431
89a8acc6ca3ffff,-22.42979794938148,-45.47020453442163,0.0,0.19,0.06,0.53,0.61,3.91,18.19,0.0,9.46,0.01,0.15,0.1347
89a8acc6cb3ffff,-22.432909918978012,-45.470289337358594,0.0,0.01,0.05,0.24,0.1,0.13,6.4,0.0,10.48,0.0,0.0,0.0686
89a8acc6c87ffff,-22.43458274805453,-45.46727196116994,0.0,0.21,0.26,0.53,0.36,0.24,0.99,0.0,9.97,0.0,0.0,0.0548
89a8acc6c83ffff,-22.43625549980546,-45.46425455060753,0.09,0.67,0.68,1.13,0.86,1.38,1.1,0.0,12.02,0.03,0.0,0.0931
89a8acc6c9bffff,-22.43792817421657,-45.461237105687516,0.13,0.86,0.33,1.04,0.05,0.29,0.27,0.07,11.42,0.0,0.0,0.0659
89a8ac8926fffff,-22.439600771273636,-45.45821962642603,0.01,0.47,0.09,0.68,0.0,0.06,0.39,0.17,10.59,0.0,0.0,0.0518
89a8ac8926bffff,-22.441273290962453,-45.455202112839245,0.02,0.5,0.1,0.71,0.0,0.07,0.39,0.16,11.33,0.0,0.0,0.056
89a8acc61b7ffff,-22.44294573326879,-45.4521845649433,0.0,0.3,0.03,0.43,0.0,0.01,0.28,0.18,8.73,0.0,0.0,0.0382
89a8acc61a3ffff,-22.44150646259976,-45.44908227782493,0.0,0.23,0.01,0.33,0.0,0.0,0.22,0.27,7.74,0.0,0.0,0.0335
89a8acc61abffff,-22.440067100266518,-45.44597998525129,0.78,0.04,0.61,0.15,0.01,0.0,0.54,0.0,11.61,0.0,0.0,0.0721
89a8acc6107ffff,-22.438627646278448,-45.44287768724055,0.78,0.04,0.61,0.15,0.01,0.0,0.54,0.0,11.61,0.0,0.0,0.0721
89a8acc610fffff,-22.437188100644935,-45.439775383810904,0.97,0.24,0.74,0.46,0.13,0.03,1.94,0.0,11.74,0.0,0.0,0.0868
89a8acc6173ffff,-22.435748463375376,-45.436673074980504,0.87,0.63,0.83,0.78,0.34,0.13,4.31,0.0,10.92,0.0,0.0,0.0993
89a8acc6163ffff,-22.432636470055833,-45.43658843013634,1.15,1.77,0.69,1.53,0.8,0.37,7.98,0.0,11.08,0.0,0.0,0.1208
89a8acc616fffff,-22.429524367005158,-45.43650378610483,1.69,3.43,0.5,2.49,1.26,0.58,17.81,0.0,9.84,0.0,0.01,0.1628
89a8acc6ed7ffff,-22.426412154235923,-45.43641914288598,1.1,2.41,0.24,1.86,1.04,0.44,21.84,0.0,7.15,0.0,0.0,0.1466
89a8acc6ec7ffff,-22.423299831760723,-45.43633450047976,0.44,0.26,0.06,1.02,0.03,0.07,22.11,0.0,9.62,0.0,0.0,0.1355
89a8acc6e1bffff,-22.420187399592127,-45.436249858886185,0.44,0.26,0.06,1.02,0.03,0.07,22.11,0.0,9.62,0.0,0.0,0.1355
89a8acc6e0bffff,-22.417074857742733,-45.43616521810522,0.52,2.27,0.0,1.99,0.05,11.44,14.99,1.3,11.55,0.0,0.54,0.2049
89a8acc6e0fffff,-22.4154022772386,-45.439182783238074,0.52,2.37,0.0,2.08,0.05,11.99,15.12,1.33,11.66,0.0,0.56,0.2095
89a8acc6e3bffff,-22.41372961939901,-45.44220031415128,0.37,1.92,0.0,1.85,0.02,8.32,19.97,2.21,9.82,0.0,0.75,0.2422
89a8acc6e23ffff,-22.412056884238183,-45.44521781082867,0.02,19.81,0.0,0.71,0.43,29.23,21.12,1.28,2.94,0.0,0.47,0.2446
89a8acc6e27ffff,-22.410384071770345,-45.44823527325412,0.09,0.63,0.0,0.6,0.01,0.41,6.09,0.61,9.68,0.0,0.05,0.0811
89a8acc6853ffff,-22.408711182009718,-45.45125270141144,0.69,4.98,0.0,0.55,0.36,9.72,4.23,0.31,10.02,0.0,0.29,0.1136
89a8acc6857ffff,-22.407038214970534,-45.45427009528451,0.71,5.07,0.0,0.37,0.37,9.85,4.05,0.28,8.95,0.0,0.29,0.1065
89a8acc681bffff,-22.408478046340345,-45.45737219365969,0.06,0.51,0.0,0.03,0.01,0.52,1.01,0.11,7.64,0.0,0.05,0.036
89a8acc6813ffff,-22.409917786128133,-45.460474286531664,0.04,0.41,0.0,0.02,0.01,0.23,0.9,0.11,7.45,0.0,0.04,0.0331
89a8acc688fffff,-22.411357434324483,-45.463576373882276,0.09,1.1,0.0,0.09,0.0,0.04,0.13,0.0,9.81,0.0,0.71,0.0844
89a8acc6887ffff,-22.412796990920036,-45.46667845569335,0.19,1.42,0.0,0.19,0.0,0.23,0.22,0.0,11.4,0.0,0.89,0.1064
89a8acc6d4bffff,-22.414236455905403,-45.4697805319467,0.0,0.0,0.0,0.0,0.0,0.0,0.0,0.0,6.52,0.0,0.05,0.0213
89a8acc6d43ffff,-22.415675829271173,-45.47288260262417,0.0,0.05,0.0,0.0,0.0,0.0,0.0,0.0,8.18,0.0,0.11,0.0337
89a8acc6d53ffff,-22.418788285303183,-45.47296741630261,0.0,0.64,0.0,0.38,0.0,3.95,0.16,0.0,5.87,0.0,0.25,0.0416
89a8acc6dcbffff,-22.42190063166367,-45.473052230795126,0.0,0.01,0.0,0.22,0.0,2.98,8.79,0.0,7.96,0.0,0.05,0.0713
89a8acc6ddbffff,-22.425012868340044,-45.47313704610175,0.0,0.0,0.0,0.1,0.0,1.9,12.32,0.0,8.51,0.0,0.01,0.0837
89a8acc6ca7ffff,-22.42812499531972,-45.47322186222247,0.0,0.0,0.0,0.04,0.63,0.85,26.41,0.0,5.89,0.0,0.0,0.1299
89a8acc6cb7ffff,-22.431237012590127,-45.47330667915733,0.0,0.0,0.0,0.0,0.0,0.05,13.67,0.0,11.05,0.0,0.0,0.0979
89a8ac8934fffff,-22.434348920138664,-45.47339149690632,0.0,0.0,0.0,0.0,0.0,0.0,11.09,0.0,12.64,0.0,0.0,0.0951
89a8ac8934bffff,-22.436021778845596,-45.470374141109566,0.0,0.0,0.0,0.06,0.0,0.0,2.97,0.0,8.63,0.0,0.0,0.0414
89a8acc6c97ffff,-22.43769456023043,-45.46735675092211,0.0,0.13,0.18,0.43,0.24,0.14,0.74,0.0,12.51,0.0,0.0,0.0621
89a8acc6c93ffff,-22.43936726427893,-45.4643393263601,0.0,0.41,0.11,0.32,0.0,0.07,0.13,0.05,7.02,0.0,0.0,0.0289
89a8ac89267ffff,-22.44103989097688,-45.46132186743968,0.0,0.41,0.11,0.32,0.0,0.07,0.13,0.05,7.05,0.0,0.0,0.029
89a8ac89263ffff,-22.442712440310057,-45.458304374177004,0.0,0.43,0.07,0.61,0.0,0.05,0.36,0.17,10.43,0.0,0.0,0.0496
89a8acc61bbffff,-22.443178797858263,-45.4460646753634,0.72,0.02,0.54,0.1,0.0,0.0,0.4,0.0,10.89,0.0,0.0,0.0648
89a8acc6117ffff,-22.441739405874078,-45.4429623625348,0.72,0.02,0.54,0.1,0.0,0.0,0.4,0.0,10.89,0.0,0.0,0.0648
89a8acc6103ffff,-22.44029992223526,-45.439860044286725,0.67,0.0,0.63,0.07,0.0,0.0,0.29,0.0,10.72,0.0,0.0,0.0663
89a8acc610bffff,-22.438860346951202,-45.43675772063736,0.84,0.15,0.98,0.32,0.07,0.0,1.43,0.0,10.7,0.0,0.0,0.0863
89a8acc6e73ffff,-22.413962206225143,-45.43608057813687,0.15,1.21,0.0,3.54,0.0,1.89,19.25,2.53,10.21,0.0,1.33,0.2806
89a8acc6e77ffff,-22.412289578006714,-45.43909812926437,0.32,1.94,0.0,3.27,0.01,6.54,21.68,2.52,10.99,0.0,1.47,0.3123
89a8acc6e2bffff,-22.410616872463557,-45.442115646173015,0.61,4.54,0.0,2.65,0.17,20.7,17.22,1.77,13.31,0.0,0.93,0.2832
89a8acc6e2fffff,-22.40894408960993,-45.44513312884666,0.02,0.12,0.0,0.5,0.0,0.0,5.92,0.57,7.55,0.0,0.0,0.0629
89a8acc685bffff,-22.407271229460026,-45.44815057726914,0.0,0.06,0.0,0.09,0.0,0.0,1.43,0.31,5.45,0.0,0.0,0.0258
89a8acc6843ffff,-22.405598292028078,-45.451167991424285,0.17,1.19,0.0,0.11,0.06,2.29,2.68,0.29,5.88,0.0,0.11,0.0473
89a8acc6803ffff,-22.40680497243288,-45.46038953291566,0.06,0.51,0.0,0.03,0.01,0.52,1.01,0.11,7.64,0.0,0.05,0.036
89a8acc6817ffff,-22.408244682616523,-45.463491605453356,0.0,0.06,0.0,0.0,0.0,0.0,0.0,0.0,7.65,0.0,0.11,0.031
89a8acc68bbffff,-22.40968430120856,-45.46659367245206,0.0,0.4,0.0,0.0,0.0,0.0,0.02,0.0,10.16,0.0,0.31,0.0575
89a8acc68b3ffff,-22.411123828199585,-45.4696957338936,0.12,1.2,0.0,0.12,0.0,0.08,0.13,0.0,12.77,0.0,0.77,0.1038
89a8acc6d4fffff,-22.41256326358025,-45.4727977897598,0.0,0.37,0.0,0.0,0.0,0.0,0.01,0.0,9.71,0.0,0.3,0.0545
89a8acc6d47ffff,-22.414002607341146,-45.47589984003251,0.0,0.0,0.0,0.0,0.0,0.0,0.0,0.0,6.35,0.0,0.02,0.0185
89a8acc6d57ffff,-22.417115111008002,-45.47598466770757,0.0,0.0,0.0,0.0,0.0,0.0,0.0,0.0,5.62,0.0,0.0,0.0135
89a8acc6dcfffff,-22.420227505010423,-45.47606949619685,0.0,0.5,0.0,0.3,0.0,3.6,0.11,0.0,5.4,0.0,0.18,0.0332
89a8acc6dc3ffff,-22.4233397893358,-45.476154325500346,0.0,0.01,0.0,0.21,0.0,2.81,8.61,0.0,7.96,0.0,0.05,0.0702
89a8acc6dd3ffff,-22.426451963971555,-45.47623915561806,0.0,0.0,0.0,0.04,0.0,1.51,12.78,0.0,7.88,0.0,0.0,0.0808
89a8ac8936bffff,-22.429564028905105,-45.476323986550014,0.0,0.0,0.0,0.04,0.63,0.85,26.41,0.0,5.89,0.0,0.0,0.1299
89a8ac8937bffff,-22.43267598412386,-45.476408818296214,0.0,0.0,0.0,0.0,0.0,0.51,13.63,0.0,11.61,0.0,0.0,0.1013
89a8ac89347ffff,-22.43578782961525,-45.47649365085668,0.0,0.0,0.0,0.0,0.0,0.51,13.63,0.0,11.61,0.0,0.0,0.1013
89a8ac89343ffff,-22.437460717952778,-45.473476315469455,0.0,0.0,0.0,0.0,0.0,0.0,5.69,0.0,11.79,0.0,0.0,0.0684
89a8ac8935bffff,-22.439133528971688,-45.47045894567457,0.0,0.0,0.0,0.0,0.0,0.0,2.09,0.0,9.9,0.0,0.0,0.0439
89a8ac8922fffff,-22.440806262657773,-45.467441541488185,0.0,0.0,0.0,0.04,0.0,0.0,0.55,0.0,8.89,0.0,0.0,0.0326
89a8ac8922bffff,-22.442478918996784,-45.46442410292645,0.0,0.0,0.0,0.04,0.0,0.0,0.43,0.0,8.13,0.0,0.0,0.0282
89a8acc6113ffff,-22.443411634063775,-45.439944705575364,0.43,0.0,0.75,0.02,0.0,0.0,0.2,0.0,7.51,0.0,0.0,0.0529
89a8acc611bffff,-22.44197212077073,-45.436842367106905,0.43,0.0,0.8,0.02,0.0,0.0,0.22,0.0,7.15,0.0,0.0,0.053
89a8acc6e63ffff,-22.410849445051962,-45.43599593898112,0.06,0.9,0.0,3.76,0.0,2.0,22.04,2.8,9.29,0.0,1.7,0.3174
89a8acc6e67ffff,-22.40917676912629,-45.43901347610339,0.01,0.55,0.0,2.5,0.0,1.96,32.29,4.14,6.87,0.0,1.79,0.3745
89a8acc6a93ffff,-22.40750401588666,-45.442030979007605,0.02,0.12,0.0,0.5,0.0,0.0,5.92,0.57,7.55,0.0,0.0,0.0629
89a8acc6a97ffff,-22.405831185347278,-45.4450484476776,0.02,0.12,0.0,0.5,0.0,0.0,5.92,0.57,7.55,0.0,0.0,0.0629
89a8acc68abffff,-22.406571501861794,-45.46650889002459,0.0,0.06,0.0,0.0,0.0,0.0,0.0,0.0,7.65,0.0,0.11,0.031
89a8acc68a3ffff,-22.40801109085299,-45.46961093665444,0.0,0.0,0.0,0.0,0.0,0.0,0.0,0.0,5.87,0.0,0.04,0.0174
89a8acc68b7ffff,-22.409450588243004,-45.47271297770951,0.0,0.1,0.0,0.0,0.0,0.0,0.0,0.0,7.43,0.0,0.15,0.0326
89a8ac89357ffff,-22.43889956536668,-45.47657848423142,0.0,0.0,0.0,0.0,0.0,0.0,0.85,0.0,6.01,0.0,0.0,0.0191
89a8ac89353ffff,-22.44057240601987,-45.47356113484674,0.0,0.0,0.0,0.0,0.0,0.0,0.65,0.0,5.84,0.0,0.0,0.0174
89a8ac89227ffff,-22.4422451693437,-45.47054375105361,0.0,0.0,0.0,0.0,0.0,0.0,0.46,0.0,7.42,0.0,0.0,0.0246
89a8acc6e6fffff,-22.40773657423575,-45.43591130063795,0.01,0.59,0.0,2.59,0.0,1.98,31.57,4.02,7.12,0.0,1.8,0.3715
89a8acc6a9bffff,-22.406063850609932,-45.438928823755106,0.03,0.46,0.0,0.94,0.0,0.67,22.27,3.27,5.28,0.0,0.36,0.2039
