source_h3_id,target_h3_id,source_node_id,target_node_id,time_min,alpha_20,profile_key
89a8ac89227ffff,89a8ac89227ffff,4471899907,4471899907,2.2187,0.969941,elderly
89a8ac89227ffff,89a8ac8922fffff,4471899907,4032034265,18.8804,0.007712,elderly
89a8ac89227ffff,89a8ac89343ffff,4471899907,4471973406,17.435,0.040038,elderly
89a8ac89227ffff,89a8ac89353ffff,4471899907,3005630750,12.5463,0.305301,elderly
89a8ac89227ffff,89a8ac8935bffff,4471899907,3874217941,11.6802,0.369561,elderly
89a8ac8922bffff,89a8ac8922bffff,4471899904,4471899904,9.0757,0.572343,elderly
89a8ac8922bffff,89a8ac8922fffff,4471899904,4032034265,7.2953,0.706092,elderly
89a8ac8922bffff,89a8ac8935bffff,4471899904,3874217941,19.1381,0.004575,elderly
89a8ac8922bffff,89a8acc6c97ffff,4471899904,2332075036,18.5604,0.012729,elderly
89a8ac8922fffff,89a8ac89227ffff,4032034265,4471899907,16.3071,0.081788,elderly
89a8ac8922fffff,89a8ac8922bffff,4032034265,4471899904,7.9281,0.65987,elderly
89a8ac8922fffff,89a8ac8922fffff,4032034265,4032034265,0.1902,0.999777,elderly
89a8ac8922fffff,89a8ac8935bffff,4032034265,3874217941,12.033,0.34303,elderly
89a8ac8922fffff,89a8acc6c83ffff,4032034265,3874217907,17.9873,0.024781,elderly
89a8ac8922fffff,89a8acc6c97ffff,4032034265,2332075036,13.8622,0.214929,elderly
89a8ac89263ffff,89a8ac89263ffff,3874217829,3874217829,7.0821,0.721233,elderly
89a8ac89263ffff,89a8ac8926bffff,3874217829,3874217830,8.2355,0.636814,elderly
89a8ac89263ffff,89a8ac8926fffff,3874217829,4451110980,11.6533,0.371604,elderly
89a8ac89263ffff,89a8acc61b7ffff,3874217829,3874217822,17.9076,0.026764,elderly
89a8ac89263ffff,89a8acc6cd7ffff,3874217829,3398798243,18.4975,0.013861,elderly
89a8ac89267ffff,89a8ac89267ffff,3411230702,3411230702,4.3011,0.890161,elderly
89a8ac89267ffff,89a8acc6c93ffff,3411230702,3411230699,15.2781,0.131342,elderly
89a8ac89267ffff,89a8acc6c9bffff,3411230702,3219028043,19.8719,0.000101,elderly
89a8ac89267ffff,89a8acc6cd7ffff,3411230702,3398798243,19.7256,0.000464,elderly
89a8ac8926bffff,89a8ac89263ffff,3874217830,3874217829,9.7611,0.518756,elderly
89a8ac8926bffff,89a8ac8926bffff,3874217830,3874217830,2.0285,0.974833,elderly
89a8ac8926bffff,89a8ac8926fffff,3874217830,4451110980,7.9828,0.655795,elderly
89a8ac8926bffff,89a8acc61b7ffff,3874217830,3874217822,11.7005,0.368023,elderly
89a8ac8926bffff,89a8acc6cc3ffff,3874217830,3107402660,19.9463,1.8e-05,elderly
89a8ac8926bffff,89a8acc6cd7ffff,3874217830,3398798243,14.827,0.156185,elderly
89a8ac8926fffff,89a8ac89263ffff,4451110980,3874217829,14.8311,0.155949,elderly
89a8ac8926fffff,89a8ac8926bffff,4451110980,3874217830,9.9322,0.505328,elderly
89a8ac8926fffff,89a8ac8926fffff,4451110980,4451110980,0.4217,0.998903,elderly
89a8ac8926fffff,89a8acc61b7ffff,4451110980,3874217822,19.6042,0.000966,elderly
89a8ac8926fffff,89a8acc6cc3ffff,4451110980,3107402660,19.1728,0.004215,elderly
89a8ac8926fffff,89a8acc6cd7ffff,4451110980,3398798243,14.0534,0.202724,elderly
89a8ac89343ffff,89a8ac89343ffff,4471973406,4471973406,3.3354,0.932933,elderly
89a8ac89343ffff,89a8ac8934bffff,4471973406,5267685479,15.7196,0.108823,elderly
89a8ac89343ffff,89a8ac8934fffff,4471973406,3005607838,15.8867,0.100787,elderly
89a8ac89343ffff,89a8ac89353ffff,4471973406,3005630750,12.1183,0.336679,elderly
89a8ac89343ffff,89a8ac89357ffff,4471973406,3005630751,16.0699,0.09229,elderly
89a8ac89343ffff,89a8ac8935bffff,4471973406,3874217941,12.4751,0.310465,elderly
89a8ac89347ffff,89a8ac89343ffff,3005607825,4471973406,19.0147,0.005976,elderly
89a8ac89347ffff,89a8ac89347ffff,3005607825,3005607825,9.4567,0.542623,elderly
89a8ac89347ffff,89a8ac8934fffff,3005607825,3005607838,11.8112,0.359662,elderly
89a8ac89347ffff,89a8ac8937bffff,3005607825,3005607825,8.046,0.651069,elderly
89a8ac89347ffff,89a8acc6cb7ffff,3005607825,3005607840,15.2641,0.132086,elderly
89a8ac8934bffff,89a8ac8934bffff,5267685479,5267685479,1.5294,0.985641,elderly
89a8ac8934bffff,89a8acc6cb3ffff,5267685479,3005607817,15.2433,0.133196,elderly
89a8ac8934bffff,89a8acc6cbbffff,5267685479,4471844854,19.7859,0.000283,elderly
89a8ac8934fffff,89a8ac89343ffff,3005607838,4471973406,8.9846,0.579413,elderly
89a8ac8934fffff,89a8ac89347ffff,3005607838,3005607825,18.4619,0.014523,elderly
89a8ac8934fffff,89a8ac8934fffff,3005607838,3005607838,1.781,0.98056,elderly
89a8ac8934fffff,89a8ac89353ffff,3005607838,3005630750,17.7676,0.030428,elderly
89a8ac8934fffff,89a8ac8935bffff,3005607838,3874217941,18.1243,0.021545,elderly
89a8ac8934fffff,89a8ac8937bffff,3005607838,3005607825,17.0512,0.052686,elderly
89a8ac8934fffff,89a8acc6cb3ffff,3005607838,3005607817,12.8469,0.283783,elderly
89a8ac8934fffff,89a8acc6cb7ffff,3005607838,3005607840,13.1383,0.263378,elderly
89a8ac89353ffff,89a8ac89343ffff,3005630750,4471973406,17.4478,0.039644,elderly
89a8ac89353ffff,89a8ac89353ffff,3005630750,3005630750,1.0061,0.99377,elderly
89a8ac89353ffff,89a8ac89357ffff,3005630750,3005630751,8.4612,0.619684,elderly
89a8ac89353ffff,89a8ac8935bffff,3005630750,3874217941,19.4949,0.001573,elderly
89a8ac89357ffff,89a8ac89353ffff,3005630751,3005630750,6.5532,0.757681,elderly
89a8ac89357ffff,89a8ac89357ffff,3005630751,3005630751,8.5472,0.613116,elderly
89a8ac8935bffff,89a8ac89227ffff,3874217941,4471899907,14.4984,0.175371,elderly
89a8ac8935bffff,89a8ac8922fffff,3874217941,4032034265,17.5144,0.037629,elderly
89a8ac8935bffff,89a8ac89343ffff,3874217941,4471973406,11.7104,0.367277,elderly
89a8ac8935bffff,89a8ac8934bffff,3874217941,5267685479,18.8,0.008857,elderly
89a8ac8935bffff,89a8ac89353ffff,3874217941,3005630750,14.2526,0.190292,elderly
89a8ac8935bffff,89a8ac89357ffff,3874217941,3005630751,19.1998,0.003944,elderly
89a8ac8935bffff,89a8ac8935bffff,3874217941,3874217941,1.1521,0.991834,elderly
89a8ac8935bffff,89a8acc6c97ffff,3874217941,2332075036,17.9049,0.026834,elderly
89a8ac8936bffff,89a8ac8936bffff,6764284470,6764284470,11.925,0.351101,elderly
89a8ac8936bffff,89a8acc6ca3ffff,6764284470,6764284642,17.6387,0.034003,elderly
89a8ac8936bffff,89a8acc6ca7ffff,6764284470,6764284470,7.9906,0.655209,elderly
89a8ac8936bffff,89a8acc6cafffff,6764284470,6764284385,18.5637,0.012671,elderly
89a8ac8937bffff,89a8ac89343ffff,3005607825,4471973406,17.6041,0.034994,elderly
89a8ac8937bffff,89a8ac89347ffff,3005607825,3005607825,8.046,0.651069,elderly
89a8ac8937bffff,89a8ac8934fffff,3005607825,3005607838,10.4005,0.468565,elderly
89a8ac8937bffff,89a8ac8937bffff,3005607825,3005607825,6.6353,0.752129,elderly
89a8ac8937bffff,89a8acc6cb7ffff,3005607825,3005607840,13.8535,0.215494,elderly
89a8acc6103ffff,89a8acc6103ffff,12852398667,12852398667,1.8629,0.978746,elderly
89a8acc6103ffff,89a8acc6107ffff,12852398667,3880606193,6.2205,0.779709,elderly
89a8acc6103ffff,89a8acc610bffff,12852398667,3880606164,13.6067,0.231643,elderly
89a8acc6103ffff,89a8acc610fffff,12852398667,3880606201,11.9303,0.350706,elderly
89a8acc6103ffff,89a8acc6117ffff,12852398667,3880606198,11.2868,0.399621,elderly
89a8acc6103ffff,89a8acc611bffff,12852398667,3880606035,17.7638,0.030531,elderly
89a8acc6103ffff,89a8acc6133ffff,12852398667,3880606193,11.6375,0.372808,elderly
89a8acc6103ffff,89a8acc6173ffff,12852398667,3880661530,19.797,0.000254,elderly
89a8acc6103ffff,89a8acc61abffff,12852398667,3880606193,10.9693,0.424169,elderly
89a8acc6103ffff,89a8acc61bbffff,12852398667,3880606198,16.4375,0.076265,elderly
89a8acc6107ffff,89a8acc6103ffff,3880606193,12852398667,9.5806,0.532912,elderly
89a8acc6107ffff,89a8acc6107ffff,3880606193,3880606193,4.1309,0.898379,elderly
89a8acc6107ffff,89a8acc610bffff,3880606193,3880606164,15.1738,0.136927,elderly
89a8acc6107ffff,89a8acc610fffff,3880606193,3880606201,9.8408,0.512506,elderly
89a8acc6107ffff,89a8acc6117ffff,3880606193,3880606198,9.1973,0.562881,elderly
89a8acc6107ffff,89a8acc611bffff,3880606193,3880606035,19.3309,0.002759,elderly
89a8acc6107ffff,89a8acc6133ffff,3880606193,3880606193,9.5479,0.535479,elderly
89a8acc6107ffff,89a8acc6173ffff,3880606193,3880661530,17.7074,0.032073,elderly
89a8acc6107ffff,89a8acc61abffff,3880606193,3880606193,8.8797,0.587536,elderly
89a8acc6107ffff,89a8acc61bbffff,3880606193,3880606198,14.3479,0.184449,elderly
89a8acc610bffff,89a8acc610bffff,3880606164,3880606164,1.0769,0.992864,elderly
89a8acc610bffff,89a8acc610fffff,3880606164,3880606201,10.2422,0.480978,elderly
89a8acc610bffff,89a8acc6113ffff,3880606164,3126579970,19.3117,0.002919,elderly
89a8acc610bffff,89a8acc611bffff,3880606164,3880606035,12.3361,0.320611,elderly
89a8acc610bffff,89a8acc613bffff,3880606164,3880661497,19.7366,0.000428,elderly
89a8acc610bffff,89a8acc6163ffff,3880606164,3880605998,17.2613,0.045557,elderly
89a8acc610bffff,89a8acc6173ffff,3880606164,3880661530,9.5088,0.538544,elderly
89a8acc610bffff,89a8acc6177ffff,3880606164,3880662275,19.3744,0.002413,elderly
89a8acc610fffff,89a8acc6107ffff,3880606201,3880606193,17.0469,0.052837,elderly
89a8acc610fffff,89a8acc610bffff,3880606201,3880606164,9.5786,0.533075,elderly
89a8acc610fffff,89a8acc610fffff,3880606201,3880606201,1.1325,0.992109,elderly
89a8acc610fffff,89a8acc613bffff,3880606201,3880661497,15.6268,0.113407,elderly
89a8acc610fffff,89a8acc6163ffff,3880606201,3880605998,15.8895,0.100652,elderly
89a8acc610fffff,89a8acc6173ffff,3880606201,3880661530,8.9992,0.578282,elderly
89a8acc610fffff,89a8acc6177ffff,3880606201,3880662275,17.1305,0.049937,elderly
89a8acc6113ffff,89a8acc610bffff,3126579970,3880606164,13.9984,0.206211,elderly
89a8acc6113ffff,89a8acc6113ffff,3126579970,3126579970,5.179,0.843473,elderly
89a8acc6113ffff,89a8acc611bffff,3126579970,3880606035,14.7702,0.159436,elderly
89a8acc6117ffff,89a8acc6103ffff,3880606198,12852398667,12.8555,0.283171,elderly
89a8acc6117ffff,89a8acc6107ffff,3880606198,3880606193,7.4058,0.698154,elderly
89a8acc6117ffff,89a8acc610bffff,3880606198,3880606164,18.4487,0.014771,elderly
89a8acc6117ffff,89a8acc610fffff,3880606198,3880606201,13.1156,0.26495,elderly
89a8acc6117ffff,89a8acc6117ffff,3880606198,3880606198,7.1045,0.719655,elderly
89a8acc6117ffff,89a8acc6133ffff,3880606198,3880606193,12.8228,0.285493,elderly
89a8acc6117ffff,89a8acc61abffff,3880606198,3880606193,12.1546,0.333991,elderly
89a8acc6117ffff,89a8acc61bbffff,3880606198,3880606198,12.2552,0.326561,elderly
89a8acc611bffff,89a8acc610bffff,3880606035,3880606164,11.3326,0.396098,elderly
89a8acc611bffff,89a8acc6113ffff,3880606035,3126579970,17.7339,0.031345,elderly
89a8acc611bffff,89a8acc611bffff,3880606035,3880606035,0.7692,0.996355,elderly
89a8acc611bffff,89a8acc6173ffff,3880606035,3880661530,19.7645,0.000342,elderly
89a8acc6123ffff,89a8acc6123ffff,3934579932,3934579932,7.3681,0.700873,elderly
89a8acc6123ffff,89a8acc612fffff,3934579932,11115395648,7.3427,0.702694,elderly
89a8acc6127ffff,89a8acc6127ffff,3880605752,3880605752,2.3195,0.967179,elderly
89a8acc6127ffff,89a8acc6c57ffff,3880605752,3513038267,18.2619,0.018519,elderly
89a8acc6127ffff,89a8acc6c5bffff,3880605752,5653229020,18.54,0.013091,elderly
89a8acc6127ffff,89a8acc6e93ffff,3880605752,2331878534,18.2131,0.019566,elderly
89a8acc6127ffff,89a8acc6e97ffff,3880605752,2331878569,15.5516,0.117176,elderly
89a8acc612bffff,89a8acc612bffff,3880662273,3880662273,2.6308,0.957913,elderly
89a8acc612bffff,89a8acc6163ffff,3880662273,3880605998,17.2078,0.047327,elderly
89a8acc612bffff,89a8acc6167ffff,3880662273,3880662263,7.8067,0.66887,elderly
89a8acc612bffff,89a8acc6173ffff,3880662273,3880661530,18.3175,0.01736,elderly
89a8acc612bffff,89a8acc6177ffff,3880662273,3880662275,8.6828,0.602718,elderly
89a8acc612bffff,89a8acc6e93ffff,3880662273,2331878534,14.7153,0.162607,elderly
89a8acc612bffff,89a8acc6e97ffff,3880662273,2331878569,19.2499,0.003467,elderly
89a8acc612bffff,89a8acc6e9bffff,3880662273,2648495024,15.7205,0.108782,elderly
89a8acc612fffff,89a8acc6123ffff,11115395648,3934579932,10.538,0.457797,elderly
89a8acc612fffff,89a8acc612fffff,11115395648,11115395648,1.3673,0.988512,elderly
89a8acc6133ffff,89a8acc6103ffff,3880606193,12852398667,14.9976,0.14658,elderly
89a8acc6133ffff,89a8acc6107ffff,3880606193,3880606193,9.5479,0.535479,elderly
89a8acc6133ffff,89a8acc610fffff,3880606193,3880606201,15.2577,0.132428,elderly
89a8acc6133ffff,89a8acc6117ffff,3880606193,3880606198,14.6142,0.168508,elderly
89a8acc6133ffff,89a8acc6133ffff,3880606193,3880606193,14.9648,0.148405,elderly
89a8acc6133ffff,89a8acc61abffff,3880606193,3880606193,14.2966,0.187584,elderly
89a8acc6133ffff,89a8acc61bbffff,3880606193,3880606198,19.7649,0.000341,elderly
89a8acc6137ffff,89a8acc6137ffff,3082292208,3082292208,10.9447,0.426079,elderly
89a8acc6137ffff,89a8acc6cc3ffff,3082292208,3107402660,12.7821,0.288386,elderly
89a8acc6137ffff,89a8acc6ccbffff,3082292208,3082292208,8.0059,0.654068,elderly
89a8acc6137ffff,89a8acc6cd3ffff,3082292208,3398796275,19.3609,0.002517,elderly
89a8acc6137ffff,89a8acc6cdbffff,3082292208,3874217836,10.2177,0.482904,elderly
89a8acc613bffff,89a8acc610bffff,3880661497,3880606164,16.1811,0.087297,elderly
89a8acc613bffff,89a8acc610fffff,3880661497,3880606201,12.7349,0.291745,elderly
89a8acc613bffff,89a8acc613bffff,3880661497,3880661497,5.3614,0.832925,elderly
89a8acc613bffff,89a8acc6173ffff,3880661497,3880661530,13.8472,0.215901,elderly
89a8acc6163ffff,89a8acc610bffff,3880605998,3880606164,17.518,0.037521,elderly
89a8acc6163ffff,89a8acc610fffff,3880605998,3880606201,16.7591,0.063403,elderly
89a8acc6163ffff,89a8acc612bffff,3880605998,3880662273,19.6595,0.000715,elderly
89a8acc6163ffff,89a8acc6163ffff,3880605998,3880605998,3.742,0.916085,elderly
89a8acc6163ffff,89a8acc6167ffff,3880605998,3880662263,12.1409,0.335005,elderly
89a8acc6163ffff,89a8acc616fffff,3880605998,8356539506,16.0966,0.091078,elderly
89a8acc6163ffff,89a8acc6173ffff,3880605998,3880661530,8.9188,0.584507,elderly
89a8acc6163ffff,89a8acc6177ffff,3880605998,3880662275,11.6651,0.370708,elderly
89a8acc6167ffff,89a8acc612bffff,3880662263,3880662273,10.8454,0.4338,elderly
89a8acc6167ffff,89a8acc6163ffff,3880662263,3880605998,12.7628,0.28976,elderly
89a8acc6167ffff,89a8acc6167ffff,3880662263,3880662263,1.532,0.985591,elderly
89a8acc6167ffff,89a8acc616fffff,3880662263,8356539506,14.0623,0.202162,elderly
89a8acc6167ffff,89a8acc6173ffff,3880662263,3880661530,16.6992,0.065716,elderly
89a8acc6167ffff,89a8acc6177ffff,3880662263,3880662275,11.888,0.353884,elderly
89a8acc6167ffff,89a8acc6e93ffff,3880662263,2331878534,12.4973,0.308854,elderly
89a8acc6167ffff,89a8acc6e9bffff,3880662263,2648495024,13.5025,0.238585,elderly
89a8acc616fffff,89a8acc6163ffff,8356539506,3880605998,15.5723,0.116133,elderly
89a8acc616fffff,89a8acc6167ffff,8356539506,3880662263,12.9162,0.278892,elderly
89a8acc616fffff,89a8acc616fffff,8356539506,8356539506,1.1364,0.992055,elderly
89a8acc616fffff,89a8acc6173ffff,8356539506,3880661530,19.5087,0.001488,elderly
89a8acc616fffff,89a8acc6177ffff,8356539506,3880662275,16.7066,0.065428,elderly
89a8acc616fffff,89a8acc6e83ffff,8356539506,2331878544,16.0775,0.091944,elderly
89a8acc616fffff,89a8acc6e93ffff,8356539506,2331878534,15.9775,0.096534,elderly
89a8acc616fffff,89a8acc6e9bffff,8356539506,2648495024,8.7683,0.596134,elderly
89a8acc616fffff,89a8acc6ed7ffff,8356539506,4452336172,14.7486,0.160683,elderly
89a8acc6173ffff,89a8acc610bffff,3880661530,3880606164,11.1698,0.408636,elderly
89a8acc6173ffff,89a8acc610fffff,3880661530,3880606201,11.9109,0.352165,elderly
89a8acc6173ffff,89a8acc613bffff,3880661530,3880661497,19.6507,0.000752,elderly
89a8acc6173ffff,89a8acc6163ffff,3880661530,3880605998,9.1836,0.563947,elderly
89a8acc6173ffff,89a8acc6167ffff,3880661530,3880662263,17.0982,0.05105,elderly
89a8acc6173ffff,89a8acc6173ffff,3880661530,3880661530,0.8413,0.995641,elderly
89a8acc6173ffff,89a8acc6177ffff,3880661530,3880662275,13.5979,0.232226,elderly
89a8acc6177ffff,89a8acc610bffff,3880662275,3880606164,18.3094,0.017526,elderly
89a8acc6177ffff,89a8acc610fffff,3880662275,3880606201,16.7106,0.065271,elderly
89a8acc6177ffff,89a8acc612bffff,3880662275,3880662273,10.4539,0.464378,elderly
89a8acc6177ffff,89a8acc6163ffff,3880662275,3880605998,9.7561,0.519148,elderly
89a8acc6177ffff,89a8acc6167ffff,3880662275,3880662263,9.1836,0.563946,elderly
89a8acc6177ffff,89a8acc616fffff,3880662275,8356539506,15.8874,0.100754,elderly
89a8acc6177ffff,89a8acc6173ffff,3880662275,3880661530,10.8659,0.432204,elderly
89a8acc6177ffff,89a8acc6177ffff,3880662275,3880662275,1.2311,0.99068,elderly
89a8acc61a3ffff,89a8ac8926fffff,4471533321,4451110980,19.9207,3.9e-05,elderly
89a8acc61a3ffff,89a8acc61a3ffff,4471533321,4471533321,8.5178,0.61536,elderly
89a8acc61a3ffff,89a8acc61a7ffff,4471533321,4471533321,5.5764,0.82014,elderly
89a8acc61a3ffff,89a8acc61afffff,4471533321,4471533321,8.5634,0.611874,elderly
89a8acc61a7ffff,89a8ac8926bffff,4471533321,3874217830,19.7022,0.000547,elderly
89a8acc61a7ffff,89a8ac8926fffff,4471533321,4451110980,16.9792,0.055239,elderly
89a8acc61a7ffff,89a8acc61a3ffff,4471533321,4471533321,5.5764,0.82014,elderly
89a8acc61a7ffff,89a8acc61a7ffff,4471533321,4471533321,2.6349,0.957782,elderly
89a8acc61a7ffff,89a8acc61afffff,4471533321,4471533321,5.6219,0.817382,elderly
89a8acc61abffff,89a8acc6103ffff,3880606193,12852398667,14.3294,0.18558,elderly
89a8acc61abffff,89a8acc6107ffff,3880606193,3880606193,8.8797,0.587536,elderly
89a8acc61abffff,89a8acc610bffff,3880606193,3880606164,19.9226,3.7e-05,elderly
89a8acc61abffff,89a8acc610fffff,3880606193,3880606201,14.5895,0.169963,elderly
89a8acc61abffff,89a8acc6117ffff,3880606193,3880606198,13.946,0.209548,elderly
89a8acc61abffff,89a8acc6133ffff,3880606193,3880606193,14.2966,0.187584,elderly
89a8acc61abffff,89a8acc61abffff,3880606193,3880606193,13.6284,0.230203,elderly
89a8acc61abffff,89a8acc61bbffff,3880606193,3880606198,19.0967,0.005025,elderly
89a8acc61afffff,89a8ac8926fffff,4471533321,4451110980,19.9663,7e-06,elderly
89a8acc61afffff,89a8acc61a3ffff,4471533321,4471533321,8.5634,0.611874,elderly
89a8acc61afffff,89a8acc61a7ffff,4471533321,4471533321,5.6219,0.817382,elderly
89a8acc61afffff,89a8acc61afffff,4471533321,4471533321,8.609,0.608382,elderly
89a8acc61b7ffff,89a8ac89263ffff,3874217822,3874217829,15.9765,0.096579,elderly
89a8acc61b7ffff,89a8ac8926bffff,3874217822,3874217830,8.2438,0.636187,elderly
89a8acc61b7ffff,89a8ac8926fffff,3874217822,4451110980,14.1981,0.193663,elderly
89a8acc61b7ffff,89a8acc61b7ffff,3874217822,3874217822,7.009,0.726368,elderly
89a8acc61bbffff,89a8acc6103ffff,3880606198,12852398667,18.0062,0.024321,elderly
89a8acc61bbffff,89a8acc6107ffff,3880606198,3880606193,12.5565,0.304564,elderly
89a8acc61bbffff,89a8acc610fffff,3880606198,3880606201,18.2663,0.018426,elderly
89a8acc61bbffff,89a8acc6117ffff,3880606198,3880606198,12.2552,0.326561,elderly
89a8acc61bbffff,89a8acc6133ffff,3880606198,3880606193,17.9735,0.02512,elderly
89a8acc61bbffff,89a8acc61abffff,3880606198,3880606193,17.3053,0.044128,elderly
89a8acc61bbffff,89a8acc61bbffff,3880606198,3880606198,17.4059,0.04094,elderly
89a8acc6803ffff,89a8acc6803ffff,11378803034,11378803034,14.3366,0.185143,elderly
89a8acc6803ffff,89a8acc681bffff,11378803034,11378803034,9.316,0.553615,elderly
89a8acc6813ffff,89a8acc6803ffff,11378803035,11378803034,16.3619,0.079447,elderly
89a8acc6813ffff,89a8acc6813ffff,11378803035,11378803035,10.1939,0.484771,elderly
89a8acc6813ffff,89a8acc681bffff,11378803035,11378803034,11.3414,0.395426,elderly
89a8acc6817ffff,89a8acc6817ffff,4442536027,4442536027,8.2316,0.637112,elderly
89a8acc6817ffff,89a8acc68abffff,4442536027,4442536027,7.1382,0.717271,elderly
89a8acc6817ffff,89a8acc68bbffff,4442536027,3930322448,10.9728,0.423894,elderly
89a8acc681bffff,89a8acc6803ffff,11378803034,11378803034,9.316,0.553615,elderly
89a8acc681bffff,89a8acc6813ffff,11378803034,11378803035,15.3497,0.127571,elderly
89a8acc681bffff,89a8acc681bffff,11378803034,11378803034,4.2955,0.890435,elderly
89a8acc681bffff,89a8acc68cfffff,11378803034,3507851207,17.2892,0.044647,elderly
89a8acc6843ffff,89a8acc6843ffff,3082243627,3082243627,7.4818,0.692662,elderly
89a8acc6843ffff,89a8acc6853ffff,3082243627,3507851533,14.1598,0.19605,elderly
89a8acc6853ffff,89a8acc6843ffff,3507851533,3082243627,16.9915,0.0548,elderly
89a8acc6853ffff,89a8acc6853ffff,3507851533,3507851533,1.0595,0.993091,elderly
89a8acc6853ffff,89a8acc68c3ffff,3507851533,3509282844,19.6144,0.000917,elderly
89a8acc6853ffff,89a8acc68cfffff,3507851533,3507851207,14.4321,0.179347,elderly
89a8acc6853ffff,89a8acc6e27ffff,3507851533,3082243611,10.0576,0.495475,elderly
89a8acc6857ffff,89a8acc6853ffff,3507851199,3507851533,14.5792,0.170574,elderly
89a8acc6857ffff,89a8acc6857ffff,3507851199,3507851199,3.9652,0.906111,elderly
89a8acc6857ffff,89a8acc68cfffff,3507851199,3507851207,5.7898,0.807087,elderly
89a8acc685bffff,89a8acc685bffff,3082247660,3082247660,2.7533,0.953964,elderly
89a8acc685bffff,89a8acc6e27ffff,3082247660,3082243611,17.246,0.04606,elderly
89a8acc6883ffff,89a8acc6883ffff,2336033967,2336033967,3.496,0.926485,elderly
89a8acc6883ffff,89a8acc6893ffff,2336033967,2335474678,11.0063,0.421294,elderly
89a8acc6883ffff,89a8acc6897ffff,2336033967,2726185454,17.9692,0.025225,elderly
89a8acc6883ffff,89a8acc6c2bffff,2336033967,2335474641,19.7099,0.000519,elderly
89a8acc6883ffff,89a8acc6c2fffff,2336033967,2335474575,16.5188,0.072911,elderly
89a8acc6887ffff,89a8acc6887ffff,2726185489,2726185489,1.2322,0.990663,elderly
89a8acc6887ffff,89a8acc688fffff,2726185489,4442536032,9.1399,0.567343,elderly
89a8acc6887ffff,89a8acc6893ffff,2726185489,2335474678,16.5788,0.070478,elderly
89a8acc6887ffff,89a8acc6897ffff,2726185489,2726185454,9.0181,0.576809,elderly
89a8acc6887ffff,89a8acc68b3ffff,2726185489,2726185479,9.5871,0.532404,elderly
89a8acc6887ffff,89a8acc68bbffff,2726185489,3930322448,13.7688,0.220988,elderly
89a8acc688bffff,89a8acc688bffff,2336034045,2336034045,10.1374,0.489211,elderly
89a8acc688bffff,89a8acc6893ffff,2336034045,2335474678,17.4236,0.04039,elderly
89a8acc688bffff,89a8acc689bffff,2336034045,2336034103,11.1149,0.412887,elderly
89a8acc688fffff,89a8acc6887ffff,4442536032,2726185489,7.618,0.682746,elderly
89a8acc688fffff,89a8acc688fffff,4442536032,4442536032,8.9397,0.582889,elderly
89a8acc688fffff,89a8acc6897ffff,4442536032,2726185454,15.4039,0.124739,elderly
89a8acc688fffff,89a8acc68b3ffff,4442536032,2726185479,15.9729,0.096745,elderly
89a8acc6893ffff,89a8acc6883ffff,2335474678,2336033967,17.3858,0.041567,elderly
89a8acc6893ffff,89a8acc6893ffff,2335474678,2335474678,0.7916,0.996139,elderly
89a8acc6893ffff,89a8acc6897ffff,2335474678,2726185454,14.1348,0.197607,elderly
89a8acc6893ffff,89a8acc6c23ffff,2335474678,2726180683,13.6429,0.22925,elderly
89a8acc6893ffff,89a8acc6c27ffff,2335474678,2335292922,19.4942,0.001577,elderly
89a8acc6893ffff,89a8acc6c2bffff,2335474678,2335474641,9.4952,0.539604,elderly
89a8acc6893ffff,89a8acc6c2fffff,2335474678,2335474575,8.2357,0.636798,elderly
89a8acc6893ffff,89a8acc6c3bffff,2335474678,3380582097,19.981,2e-06,elderly
89a8acc6893ffff,89a8acc6c67ffff,2335474678,4438325149,14.5314,0.173405,elderly
89a8acc6893ffff,89a8acc6c77ffff,2335474678,2332075047,18.4196,0.015328,elderly
89a8acc6897ffff,89a8acc6887ffff,2726185454,2726185489,14.2171,0.192484,elderly
89a8acc6897ffff,89a8acc6893ffff,2726185454,2335474678,10.5227,0.458991,elderly
89a8acc6897ffff,89a8acc6897ffff,2726185454,2726185454,2.6884,0.956077,elderly
89a8acc6897ffff,89a8acc68b3ffff,2726185454,2726185479,15.1282,0.1394,elderly
89a8acc6897ffff,89a8acc68bbffff,2726185454,3930322448,19.3099,0.002935,elderly
89a8acc6897ffff,89a8acc6c2bffff,2726185454,2335474641,19.2263,0.003688,elderly
89a8acc6897ffff,89a8acc6c2fffff,2726185454,2335474575,16.0352,0.093872,elderly
89a8acc6897ffff,89a8acc6d4fffff,2726185454,4442799076,19.1794,0.004148,elderly
89a8acc689bffff,89a8acc688bffff,2336034103,2336034045,9.6524,0.527289,elderly
89a8acc689bffff,89a8acc6893ffff,2336034103,2335474678,13.8113,0.218228,elderly
89a8acc689bffff,89a8acc689bffff,2336034103,2336034103,0.6681,0.997249,elderly
89a8acc689bffff,89a8acc6c2bffff,2336034103,2335474641,18.3259,0.017189,elderly
89a8acc689bffff,89a8acc6c63ffff,2336034103,2336034012,18.895,0.007514,elderly
89a8acc689bffff,89a8acc6c67ffff,2336034103,4438325149,11.8235,0.358732,elderly
89a8acc689bffff,89a8acc6c77ffff,2336034103,2332075047,19.5235,0.0014,elderly
89a8acc68a3ffff,89a8acc68a3ffff,7839382319,7839382319,2.4866,0.962342,elderly
89a8acc68a3ffff,89a8acc6d4fffff,7839382319,4442799076,19.8944,6.9e-05,elderly
89a8acc68abffff,89a8acc6817ffff,4442536027,4442536027,7.1382,0.717271,elderly
89a8acc68abffff,89a8acc68abffff,4442536027,4442536027,6.0448,0.791037,elderly
89a8acc68abffff,89a8acc68bbffff,4442536027,3930322448,9.8794,0.50947,elderly
89a8acc68b3ffff,89a8acc6817ffff,2726185479,4442536027,17.3796,0.04176,elderly
89a8acc68b3ffff,89a8acc6887ffff,2726185479,2726185489,13.9665,0.208243,elderly
89a8acc68b3ffff,89a8acc6897ffff,2726185479,2726185454,12.6243,0.299673,elderly
89a8acc68b3ffff,89a8acc68abffff,2726185479,4442536027,16.2863,0.082689,elderly
89a8acc68b3ffff,89a8acc68b3ffff,2726185479,2726185479,5.8241,0.804955,elderly
89a8acc68b3ffff,89a8acc68bbffff,2726185479,3930322448,10.0058,0.499545,elderly
89a8acc68b3ffff,89a8acc6d4fffff,2726185479,4442799076,16.5813,0.070377,elderly
89a8acc68b7ffff,89a8acc68b7ffff,4442799069,4442799069,2.4177,0.964376,elderly
89a8acc68b7ffff,89a8acc6d4fffff,4442799069,4442799076,15.4798,0.120829,elderly
89a8acc68bbffff,89a8acc6817ffff,3930322448,4442536027,9.8476,0.511971,elderly
89a8acc68bbffff,89a8acc6897ffff,3930322448,2726185454,18.9504,0.00678,elderly
89a8acc68bbffff,89a8acc68abffff,3930322448,4442536027,8.7542,0.597222,elderly
89a8acc68bbffff,89a8acc68b3ffff,3930322448,2726185479,14.4433,0.178675,elderly
89a8acc68bbffff,89a8acc68bbffff,3930322448,3930322448,2.4737,0.962726,elderly
89a8acc68bbffff,89a8acc6d4fffff,3930322448,4442799076,18.123,0.021575,elderly
89a8acc68c3ffff,89a8acc6853ffff,3509282844,3507851533,14.0123,0.205325,elderly
89a8acc68c3ffff,89a8acc68c3ffff,3509282844,3509282844,3.2211,0.937352,elderly
89a8acc68c3ffff,89a8acc68c7ffff,3509282844,7950894106,19.3532,0.002578,elderly
89a8acc68c3ffff,89a8acc68cfffff,3509282844,3507851207,14.4466,0.178475,elderly
89a8acc68c3ffff,89a8acc68d3ffff,3509282844,2955259026,13.5348,0.236422,elderly
89a8acc68c3ffff,89a8acc68dbffff,3509282844,2955259009,15.8392,0.103044,elderly
89a8acc68c7ffff,89a8acc6853ffff,7950894106,3507851533,19.3082,0.002949,elderly
89a8acc68c7ffff,89a8acc68c3ffff,7950894106,3509282844,13.7907,0.219565,elderly
89a8acc68c7ffff,89a8acc68c7ffff,7950894106,7950894106,2.8038,0.952287,elderly
89a8acc68c7ffff,89a8acc68cfffff,7950894106,3507851207,19.7425,0.000409,elderly
89a8acc68c7ffff,89a8acc68d3ffff,7950894106,2955259026,18.8307,0.00841,elderly
89a8acc68cbffff,89a8acc68cbffff,6770713434,6770713434,0.6587,0.997326,elderly
89a8acc68cbffff,89a8acc68dbffff,6770713434,2955259009,13.6028,0.231901,elderly
89a8acc68cbffff,89a8acc6e37ffff,6770713434,4441055873,10.1823,0.485682,elderly
89a8acc68cfffff,89a8acc6853ffff,3507851207,3507851533,10.5671,0.455519,elderly
89a8acc68cfffff,89a8acc6857ffff,3507851207,3507851199,8.9242,0.584095,elderly
89a8acc68cfffff,89a8acc68c3ffff,3507851207,3509282844,16.2159,0.08576,elderly
89a8acc68cfffff,89a8acc68cfffff,3507851207,3507851207,1.7777,0.980632,elderly
89a8acc68cfffff,89a8acc68d3ffff,3507851207,2955259026,18.4193,0.015333,elderly
89a8acc68cfffff,89a8acc68dbffff,3507851207,2955259009,17.7624,0.030567,elderly
89a8acc68cfffff,89a8acc6e27ffff,3507851207,3082243611,16.6687,0.066906,elderly
89a8acc68d3ffff,89a8acc68d3ffff,2955259026,2955259026,1.5555,0.985148,elderly
89a8acc68d3ffff,89a8acc68d7ffff,2955259026,2955259012,11.2766,0.400404,elderly
89a8acc68d3ffff,89a8acc68dbffff,2955259026,2955259009,10.5353,0.458004,elderly
89a8acc68d3ffff,89a8acc6c6bffff,2955259026,965038276,12.1555,0.333923,elderly
89a8acc68d3ffff,89a8acc6ea7ffff,2955259026,3411176963,17.3378,0.043086,elderly
89a8acc68d7ffff,89a8acc68d3ffff,2955259012,2955259026,7.6897,0.677494,elderly
89a8acc68d7ffff,89a8acc68d7ffff,2955259012,2955259012,3.5879,0.92267,elderly
89a8acc68d7ffff,89a8acc68dbffff,2955259012,2955259009,16.6695,0.066876,elderly
89a8acc68d7ffff,89a8acc6c6bffff,2955259012,965038276,17.9908,0.024695,elderly
89a8acc68dbffff,89a8acc68cbffff,2955259009,6770713434,14.8719,0.153634,elderly
89a8acc68dbffff,89a8acc68d3ffff,2955259009,2955259026,9.2758,0.556754,elderly
89a8acc68dbffff,89a8acc68d7ffff,2955259009,2955259012,18.9969,0.006194,elderly
89a8acc68dbffff,89a8acc68dbffff,2955259009,2955259009,0.5502,0.998134,elderly
89a8acc68dbffff,89a8acc6c6bffff,2955259009,965038276,17.9331,0.026122,elderly
89a8acc68dbffff,89a8acc6e33ffff,2955259009,2639739488,17.5394,0.036886,elderly
89a8acc68dbffff,89a8acc6e37ffff,2955259009,4441055873,11.8822,0.354315,elderly
89a8acc68dbffff,89a8acc6ea7ffff,2955259009,3411176963,15.2555,0.132545,elderly
89a8acc68dbffff,89a8acc6eafffff,2955259009,2955259142,15.051,0.143626,elderly
89a8acc6a93ffff,89a8acc6a93ffff,2639739558,2639739558,11.0795,0.415622,elderly
89a8acc6a93ffff,89a8acc6a97ffff,2639739558,2639739558,9.9508,0.503868,elderly
89a8acc6a93ffff,89a8acc6e27ffff,2639739558,3082243611,14.6587,0.165899,elderly
89a8acc6a93ffff,89a8acc6e2fffff,2639739558,2639739558,6.498,0.76138,elderly
89a8acc6a97ffff,89a8acc6a93ffff,2639739558,2639739558,9.9508,0.503868,elderly
89a8acc6a97ffff,89a8acc6a97ffff,2639739558,2639739558,8.822,0.591992,elderly
89a8acc6a97ffff,89a8acc6e27ffff,2639739558,3082243611,13.53,0.236747,elderly
89a8acc6a97ffff,89a8acc6e2fffff,2639739558,2639739558,5.3693,0.832461,elderly
89a8acc6a9bffff,89a8acc6a9bffff,11378069599,11378069599,2.5281,0.961091,elderly
89a8acc6a9bffff,89a8acc6e77ffff,11378069599,6994114774,16.7209,0.064872,elderly
89a8acc6c03ffff,89a8acc6c03ffff,4439701589,4439701589,1.5328,0.985576,elderly
89a8acc6c03ffff,89a8acc6c07ffff,4439701589,2336108543,10.3479,0.472688,elderly
89a8acc6c03ffff,89a8acc6c0bffff,4439701589,3380581987,14.2068,0.193122,elderly
89a8acc6c03ffff,89a8acc6c0fffff,4439701589,2332043156,12.2117,0.329763,elderly
89a8acc6c03ffff,89a8acc6c13ffff,4439701589,2332074930,17.9644,0.025343,elderly
89a8acc6c03ffff,89a8acc6c17ffff,4439701589,2332075028,15.3763,0.126177,elderly
89a8acc6c03ffff,89a8acc6c3bffff,4439701589,3380582097,15.9207,0.099182,elderly
89a8acc6c03ffff,89a8acc6c77ffff,4439701589,2332075047,17.4464,0.039688,elderly
89a8acc6c03ffff,89a8acc6cabffff,4439701589,4451063632,19.9643,8e-06,elderly
89a8acc6c07ffff,89a8acc6c03ffff,2336108543,4439701589,11.2068,0.405781,elderly
89a8acc6c07ffff,89a8acc6c07ffff,2336108543,2336108543,1.4227,0.987567,elderly
89a8acc6c07ffff,89a8acc6c0fffff,2336108543,2332043156,15.4969,0.119957,elderly
89a8acc6c07ffff,89a8acc6c13ffff,2336108543,2332074930,18.5383,0.013121,elderly
89a8acc6c07ffff,89a8acc6c17ffff,2336108543,2332075028,15.9502,0.097801,elderly
89a8acc6c07ffff,89a8acc6c23ffff,2336108543,2726180683,18.0127,0.024163,elderly
89a8acc6c07ffff,89a8acc6c33ffff,2336108543,2726180592,15.6236,0.113565,elderly
89a8acc6c07ffff,89a8acc6c3bffff,2336108543,3380582097,16.0197,0.094583,elderly
89a8acc6c07ffff,89a8acc6c77ffff,2336108543,2332075047,18.141,0.021167,elderly
89a8acc6c0bffff,89a8acc6c03ffff,3380581987,4439701589,11.443,0.387635,elderly
89a8acc6c0bffff,89a8acc6c07ffff,3380581987,2336108543,17.5122,0.037693,elderly
89a8acc6c0bffff,89a8acc6c0bffff,3380581987,3380581987,0.9051,0.994956,elderly
89a8acc6c0bffff,89a8acc6c0fffff,3380581987,2332043156,15.8298,0.103493,elderly
89a8acc6c0bffff,89a8acc6c1bffff,3380581987,7886951227,19.0555,0.005492,elderly
89a8acc6c0bffff,89a8acc6c47ffff,3380581987,5653257029,14.1781,0.194905,elderly
89a8acc6c0bffff,89a8acc6c57ffff,3380581987,3513038267,13.1409,0.263202,elderly
89a8acc6c0bffff,89a8acc6c73ffff,3380581987,2336108293,16.7394,0.06416,elderly
89a8acc6c0bffff,89a8acc6c77ffff,3380581987,2332075047,19.8504,0.000138,elderly
89a8acc6c0bffff,89a8acc6c7bffff,3380581987,2955259207,19.999,0.0,elderly
89a8acc6c0fffff,89a8acc6c03ffff,2332043156,4439701589,10.4074,0.468024,elderly
89a8acc6c0fffff,89a8acc6c07ffff,2332043156,2336108543,12.8588,0.28294,elderly
89a8acc6c0fffff,89a8acc6c0bffff,2332043156,3380581987,16.6828,0.066353,elderly
89a8acc6c0fffff,89a8acc6c0fffff,2332043156,2332043156,1.17,0.99158,elderly
89a8acc6c0fffff,89a8acc6c17ffff,2332043156,2332075028,18.0993,0.02212,elderly
89a8acc6c0fffff,89a8acc6c23ffff,2332043156,2726180683,17.5422,0.036803,elderly
89a8acc6c0fffff,89a8acc6c2bffff,2332043156,2335474641,14.0086,0.205561,elderly
89a8acc6c0fffff,89a8acc6c2fffff,2332043156,2335474575,19.5322,0.001349,elderly
89a8acc6c0fffff,89a8acc6c33ffff,2332043156,2726180592,18.7247,0.009999,elderly
89a8acc6c0fffff,89a8acc6c3bffff,2332043156,3380582097,8.7935,0.594195,elderly
89a8acc6c0fffff,89a8acc6c47ffff,2332043156,5653257029,17.5243,0.037333,elderly
89a8acc6c0fffff,89a8acc6c63ffff,2332043156,2336034012,19.0102,0.006031,elderly
89a8acc6c0fffff,89a8acc6c67ffff,2332043156,4438325149,19.021,0.0059,elderly
89a8acc6c0fffff,89a8acc6c73ffff,2332043156,2336108293,11.9288,0.350823,elderly
89a8acc6c0fffff,89a8acc6c77ffff,2332043156,2332075047,7.8426,0.666218,elderly
89a8acc6c13ffff,89a8acc6c03ffff,2332074930,4439701589,18.2401,0.018984,elderly
89a8acc6c13ffff,89a8acc6c07ffff,2332074930,2336108543,17.421,0.04047,elderly
89a8acc6c13ffff,89a8acc6c13ffff,2332074930,2332074930,2.002,0.975481,elderly
89a8acc6c13ffff,89a8acc6c17ffff,2332074930,2332075028,9.5343,0.536544,elderly
89a8acc6c13ffff,89a8acc6c1bffff,2332074930,7886951227,11.7597,0.363544,elderly
89a8acc6c13ffff,89a8acc6c8bffff,2332074930,2332075083,11.2656,0.401252,elderly
89a8acc6c13ffff,89a8acc6c8fffff,2332074930,3005607847,11.2889,0.399459,elderly
89a8acc6c13ffff,89a8acc6cabffff,2332074930,4451063632,18.5685,0.012588,elderly
89a8acc6c13ffff,89a8acc6cbbffff,2332074930,4471844854,17.4719,0.038909,elderly
89a8acc6c13ffff,89a8acc6cc7ffff,2332074930,3409300606,15.1443,0.138522,elderly
89a8acc6c13ffff,89a8acc6cd7ffff,2332074930,3398798243,19.3421,0.002668,elderly
89a8acc6c17ffff,89a8acc6c03ffff,2332075028,4439701589,13.8628,0.214893,elderly
89a8acc6c17ffff,89a8acc6c07ffff,2332075028,2336108543,13.0437,0.269951,elderly
89a8acc6c17ffff,89a8acc6c0fffff,2332075028,2332043156,18.3901,0.015902,elderly
89a8acc6c17ffff,89a8acc6c13ffff,2332075028,2332074930,8.1025,0.646836,elderly
89a8acc6c17ffff,89a8acc6c17ffff,2332075028,2332075028,0.856,0.995487,elderly
89a8acc6c17ffff,89a8acc6c1bffff,2332075028,7886951227,13.5556,0.235035,elderly
89a8acc6c17ffff,89a8acc6c33ffff,2332075028,2726180592,16.0854,0.091587,elderly
89a8acc6c17ffff,89a8acc6c8bffff,2332075028,2332075083,16.6199,0.068835,elderly
89a8acc6c17ffff,89a8acc6c8fffff,2332075028,3005607847,7.6312,0.681785,elderly
89a8acc6c17ffff,89a8acc6cabffff,2332075028,4451063632,10.4241,0.466716,elderly
89a8acc6c17ffff,89a8acc6cbbffff,2332075028,4471844854,11.4573,0.386544,elderly
89a8acc6c17ffff,89a8acc6cc7ffff,2332075028,3409300606,19.3898,0.002295,elderly
89a8acc6c1bffff,89a8acc6c03ffff,7886951227,4439701589,19.5197,0.001422,elderly
89a8acc6c1bffff,89a8acc6c07ffff,7886951227,2336108543,18.7006,0.010379,elderly
89a8acc6c1bffff,89a8acc6c0bffff,7886951227,3380581987,19.2111,0.003834,elderly
89a8acc6c1bffff,89a8acc6c13ffff,7886951227,2332074930,9.7637,0.518553,elderly
89a8acc6c1bffff,89a8acc6c17ffff,7886951227,2332075028,12.9692,0.27516,elderly
89a8acc6c1bffff,89a8acc6c1bffff,7886951227,7886951227,0.4331,0.998843,elderly
89a8acc6c1bffff,89a8acc6c43ffff,7886951227,3425558055,18.2589,0.018584,elderly
89a8acc6c1bffff,89a8acc6c47ffff,7886951227,5653257029,15.7954,0.105143,elderly
89a8acc6c1bffff,89a8acc6c57ffff,7886951227,3513038267,9.2737,0.556921,elderly
89a8acc6c1bffff,89a8acc6c8bffff,7886951227,2332075083,13.6668,0.227669,elderly
89a8acc6c1bffff,89a8acc6c8fffff,7886951227,3005607847,17.0685,0.052082,elderly
89a8acc6c1bffff,89a8acc6cabffff,7886951227,4451063632,19.9862,1e-06,elderly
89a8acc6c1bffff,89a8acc6cc3ffff,7886951227,3107402660,14.6797,0.164672,elderly
89a8acc6c1bffff,89a8acc6cc7ffff,7886951227,3409300606,7.1479,0.716584,elderly
89a8acc6c1bffff,89a8acc6ccfffff,7886951227,3874217785,9.8769,0.50967,elderly
89a8acc6c1bffff,89a8acc6cd7ffff,7886951227,3398798243,16.3667,0.079243,elderly
89a8acc6c23ffff,89a8acc6893ffff,2726180683,2335474678,14.61,0.168754,elderly
89a8acc6c23ffff,89a8acc6c07ffff,2726180683,2336108543,17.4661,0.039086,elderly
89a8acc6c23ffff,89a8acc6c23ffff,2726180683,2726180683,1.1657,0.991641,elderly
89a8acc6c23ffff,89a8acc6c27ffff,2726180683,2335292922,11.6797,0.369599,elderly
89a8acc6c23ffff,89a8acc6c2bffff,2726180683,2335474641,12.1648,0.333238,elderly
89a8acc6c23ffff,89a8acc6c2fffff,2726180683,2335474575,10.9164,0.428273,elderly
89a8acc6c23ffff,89a8acc6c33ffff,2726180683,2726180592,11.0804,0.415549,elderly
89a8acc6c23ffff,89a8acc6c3bffff,2726180683,3380582097,12.8924,0.280565,elderly
89a8acc6c23ffff,89a8acc6c77ffff,2726180683,2332075047,19.7392,0.00042,elderly
89a8acc6c23ffff,89a8acc6d5bffff,2726180683,7546069758,17.5795,0.035707,elderly
89a8acc6c27ffff,89a8acc6c23ffff,2335292922,2726180683,11.2773,0.400353,elderly
89a8acc6c27ffff,89a8acc6c27ffff,2335292922,2335292922,0.5206,0.998329,elderly
89a8acc6c27ffff,89a8acc6c2bffff,2335292922,2335474641,17.6137,0.034717,elderly
89a8acc6c27ffff,89a8acc6c2fffff,2335292922,2335474575,12.1126,0.337102,elderly
89a8acc6c27ffff,89a8acc6c33ffff,2335292922,2726180592,18.7237,0.010014,elderly
89a8acc6c27ffff,89a8acc6d53ffff,2335292922,2335292974,12.3425,0.320147,elderly
89a8acc6c27ffff,89a8acc6d5bffff,2335292922,7546069758,10.6124,0.451975,elderly
89a8acc6c27ffff,89a8acc6dcfffff,2335292922,2335293007,15.1199,0.139851,elderly
89a8acc6c2bffff,89a8acc6893ffff,2335474641,2335474678,8.9584,0.581443,elderly
89a8acc6c2bffff,89a8acc6c0fffff,2335474641,2332043156,16.4669,0.075046,elderly
89a8acc6c2bffff,89a8acc6c23ffff,2335474641,2726180683,10.8721,0.43172,elderly
89a8acc6c2bffff,89a8acc6c27ffff,2335474641,2335292922,16.7235,0.064774,elderly
89a8acc6c2bffff,89a8acc6c2bffff,2335474641,2335474641,0.4894,0.998523,elderly
89a8acc6c2bffff,89a8acc6c2fffff,2335474641,2335474575,6.8458,0.73772,elderly
89a8acc6c2bffff,89a8acc6c33ffff,2335474641,2726180592,18.4914,0.013974,elderly
89a8acc6c2bffff,89a8acc6c3bffff,2335474641,3380582097,11.9962,0.345776,elderly
89a8acc6c2bffff,89a8acc6c67ffff,2335474641,4438325149,18.5092,0.013647,elderly
89a8acc6c2bffff,89a8acc6c73ffff,2335474641,2336108293,19.9207,3.9e-05,elderly
89a8acc6c2bffff,89a8acc6c77ffff,2335474641,2332075047,10.4348,0.465879,elderly
89a8acc6c2fffff,89a8acc6893ffff,2335474575,2335474678,10.6159,0.451706,elderly
89a8acc6c2fffff,89a8acc6c23ffff,2335474575,2726180683,12.3599,0.31887,elderly
89a8acc6c2fffff,89a8acc6c27ffff,2335474575,2335292922,13.0511,0.269438,elderly
89a8acc6c2fffff,89a8acc6c2bffff,2335474575,2335474641,9.5411,0.536008,elderly
89a8acc6c2fffff,89a8acc6c2fffff,2335474575,2335474575,0.8905,0.995116,elderly
89a8acc6c2fffff,89a8acc6c77ffff,2335474575,2332075047,19.4376,0.00195,elderly
89a8acc6c2fffff,89a8acc6d5bffff,2335474575,7546069758,16.0766,0.091985,elderly
89a8acc6c33ffff,89a8acc6c07ffff,2726180592,2336108543,15.4919,0.120211,elderly
89a8acc6c33ffff,89a8acc6c17ffff,2726180592,2332075028,18.9687,0.006546,elderly
89a8acc6c33ffff,89a8acc6c23ffff,2726180592,2726180683,11.4954,0.383628,elderly
89a8acc6c33ffff,89a8acc6c27ffff,2726180592,2335292922,18.7696,0.009309,elderly
89a8acc6c33ffff,89a8acc6c33ffff,2726180592,2726180592,1.2165,0.990899,elderly
89a8acc6c33ffff,89a8acc6c37ffff,2726180592,8370861913,13.7034,0.225268,elderly
89a8acc6c33ffff,89a8acc6c3bffff,2726180592,3380582097,14.679,0.164713,elderly
89a8acc6c33ffff,89a8acc6cabffff,2726180592,4451063632,11.8681,0.355374,elderly
89a8acc6c33ffff,89a8acc6cbbffff,2726180592,4471844854,19.8429,0.000152,elderly
89a8acc6c37ffff,89a8acc6c23ffff,8370861913,2726180683,18.2897,0.017936,elderly
89a8acc6c37ffff,89a8acc6c33ffff,8370861913,2726180592,10.7109,0.444283,elderly
89a8acc6c37ffff,89a8acc6c37ffff,8370861913,8370861913,0.3509,0.999241,elderly
89a8acc6c37ffff,89a8acc6dc3ffff,8370861913,8370861869,15.0309,0.144733,elderly
89a8acc6c37ffff,89a8acc6dcbffff,8370861913,8370861883,12.2007,0.330577,elderly
89a8acc6c37ffff,89a8acc6ddbffff,8370861913,8370942543,16.434,0.07641,elderly
89a8acc6c3bffff,89a8acc6893ffff,3380582097,2335474678,17.7615,0.030592,elderly
89a8acc6c3bffff,89a8acc6c03ffff,3380582097,4439701589,16.3716,0.079036,elderly
89a8acc6c3bffff,89a8acc6c07ffff,3380582097,2336108543,14.3691,0.18316,elderly
89a8acc6c3bffff,89a8acc6c0fffff,3380582097,2332043156,10.5013,0.460667,elderly
89a8acc6c3bffff,89a8acc6c23ffff,3380582097,2726180683,10.7927,0.437904,elderly
89a8acc6c3bffff,89a8acc6c27ffff,3380582097,2335292922,18.8384,0.0083,elderly
89a8acc6c3bffff,89a8acc6c2bffff,3380582097,2335474641,11.1291,0.411783,elderly
89a8acc6c3bffff,89a8acc6c2fffff,3380582097,2335474575,16.4126,0.077306,elderly
89a8acc6c3bffff,89a8acc6c33ffff,3380582097,2726180592,12.9673,0.275297,elderly
89a8acc6c3bffff,89a8acc6c3bffff,3380582097,3380582097,0.937,0.994594,elderly
89a8acc6c3bffff,89a8acc6c73ffff,3380582097,2336108293,16.7969,0.061962,elderly
89a8acc6c3bffff,89a8acc6c77ffff,3380582097,2332075047,10.5887,0.453828,elderly
89a8acc6c43ffff,89a8acc6c1bffff,3425558055,7886951227,18.3086,0.017544,elderly
89a8acc6c43ffff,89a8acc6c43ffff,3425558055,3425558055,0.6691,0.997241,elderly
89a8acc6c43ffff,89a8acc6c47ffff,3425558055,5653257029,12.5046,0.308322,elderly
89a8acc6c43ffff,89a8acc6c4bffff,3425558055,3425557950,10.9765,0.423608,elderly
89a8acc6c43ffff,89a8acc6c4fffff,3425558055,2955259222,11.2355,0.40357,elderly
89a8acc6c43ffff,89a8acc6c53ffff,3425558055,3425558243,11.4736,0.385293,elderly
89a8acc6c43ffff,89a8acc6c57ffff,3425558055,3513038267,11.673,0.370111,elderly
89a8acc6c43ffff,89a8acc6c7bffff,3425558055,2955259207,17.0147,0.053973,elderly
89a8acc6c43ffff,89a8acc6ccfffff,3425558055,3874217785,19.3203,0.002848,elderly
89a8acc6c43ffff,89a8acc6e97ffff,3425558055,2331878569,19.622,0.000881,elderly
89a8acc6c47ffff,89a8acc6c03ffff,5653257029,4439701589,19.3489,0.002613,elderly
89a8acc6c47ffff,89a8acc6c0bffff,5653257029,3380581987,13.0561,0.26909,elderly
89a8acc6c47ffff,89a8acc6c0fffff,5653257029,2332043156,16.2079,0.086112,elderly
89a8acc6c47ffff,89a8acc6c1bffff,5653257029,7886951227,16.7287,0.064571,elderly
89a8acc6c47ffff,89a8acc6c43ffff,5653257029,3425558055,12.164,0.333292,elderly
89a8acc6c47ffff,89a8acc6c47ffff,5653257029,5653257029,0.8192,0.995866,elderly
89a8acc6c47ffff,89a8acc6c4bffff,5653257029,3425557950,18.1172,0.021707,elderly
89a8acc6c47ffff,89a8acc6c4fffff,5653257029,2955259222,12.5465,0.305292,elderly
89a8acc6c47ffff,89a8acc6c53ffff,5653257029,3425558243,18.9239,0.007126,elderly
89a8acc6c47ffff,89a8acc6c57ffff,5653257029,3513038267,10.2088,0.483604,elderly
89a8acc6c47ffff,89a8acc6c73ffff,5653257029,2336108293,12.8793,0.281492,elderly
89a8acc6c47ffff,89a8acc6c77ffff,5653257029,2332075047,19.8047,0.000235,elderly
89a8acc6c47ffff,89a8acc6c7bffff,5653257029,2955259207,11.688,0.368973,elderly
89a8acc6c47ffff,89a8acc6ccfffff,5653257029,3874217785,17.8561,0.028086,elderly
89a8acc6c4bffff,89a8acc6c43ffff,3425557950,3425558055,8.7264,0.599361,elderly
89a8acc6c4bffff,89a8acc6c47ffff,3425557950,5653257029,17.8583,0.028027,elderly
89a8acc6c4bffff,89a8acc6c4bffff,3425557950,3425557950,0.883,0.995198,elderly
89a8acc6c4bffff,89a8acc6c4fffff,3425557950,2955259222,10.3777,0.470349,elderly
89a8acc6c4bffff,89a8acc6c53ffff,3425557950,3425558243,15.4179,0.124018,elderly
89a8acc6c4bffff,89a8acc6c57ffff,3425557950,3513038267,19.2417,0.003543,elderly
89a8acc6c4bffff,89a8acc6c5bffff,3425557950,5653229020,16.5804,0.070413,elderly
89a8acc6c4bffff,89a8acc6e83ffff,3425557950,2331878544,13.6238,0.23051,elderly
89a8acc6c4bffff,89a8acc6e87ffff,3425557950,2648494986,10.7314,0.442682,elderly
89a8acc6c4bffff,89a8acc6e93ffff,3425557950,2331878534,16.1969,0.086597,elderly
89a8acc6c4bffff,89a8acc6e97ffff,3425557950,2331878569,9.5285,0.536994,elderly
89a8acc6c4bffff,89a8acc6eb3ffff,3425557950,3501190741,16.4169,0.077126,elderly
89a8acc6c4fffff,89a8acc6c43ffff,2955259222,3425558055,8.7108,0.600561,elderly
89a8acc6c4fffff,89a8acc6c47ffff,2955259222,5653257029,12.512,0.307786,elderly
89a8acc6c4fffff,89a8acc6c4bffff,2955259222,3425557950,9.5604,0.5345,elderly
89a8acc6c4fffff,89a8acc6c4fffff,2955259222,2955259222,0.435,0.998833,elderly
89a8acc6c4fffff,89a8acc6c53ffff,2955259222,3425558243,17.1433,0.049502,elderly
89a8acc6c4fffff,89a8acc6c57ffff,2955259222,3513038267,15.1789,0.136652,elderly
89a8acc6c4fffff,89a8acc6c6bffff,2955259222,965038276,19.5477,0.001261,elderly
89a8acc6c4fffff,89a8acc6c73ffff,2955259222,2336108293,15.6378,0.112859,elderly
89a8acc6c4fffff,89a8acc6c7bffff,2955259222,2955259207,10.98,0.423335,elderly
89a8acc6c4fffff,89a8acc6e87ffff,2955259222,2648494986,18.9277,0.007077,elderly
89a8acc6c4fffff,89a8acc6e97ffff,2955259222,2331878569,18.2059,0.019723,elderly
89a8acc6c4fffff,89a8acc6eb3ffff,2955259222,3501190741,15.0627,0.142982,elderly
89a8acc6c4fffff,89a8acc6eb7ffff,2955259222,2955259190,12.7633,0.289723,elderly
89a8acc6c53ffff,89a8acc6c43ffff,3425558243,3425558055,10.235,0.481544,elderly
89a8acc6c53ffff,89a8acc6c47ffff,3425558243,5653257029,19.7264,0.000462,elderly
89a8acc6c53ffff,89a8acc6c4bffff,3425558243,3425557950,16.6818,0.066396,elderly
89a8acc6c53ffff,89a8acc6c4fffff,3425558243,2955259222,19.8291,0.00018,elderly
89a8acc6c53ffff,89a8acc6c53ffff,3425558243,3425558243,1.6761,0.98277,elderly
89a8acc6c53ffff,89a8acc6c57ffff,3425558243,3513038267,17.6965,0.032376,elderly
89a8acc6c53ffff,89a8acc6c5bffff,3425558243,5653229020,10.79,0.43811,elderly
89a8acc6c53ffff,89a8acc6e97ffff,3425558243,2331878569,18.9421,0.006887,elderly
89a8acc6c57ffff,89a8acc6c0bffff,3513038267,3380581987,13.8875,0.213299,elderly
89a8acc6c57ffff,89a8acc6c13ffff,3513038267,2332074930,19.0662,0.005369,elderly
89a8acc6c57ffff,89a8acc6c1bffff,3513038267,7886951227,9.7356,0.520759,elderly
89a8acc6c57ffff,89a8acc6c43ffff,3513038267,3425558055,12.249,0.327012,elderly
89a8acc6c57ffff,89a8acc6c47ffff,3513038267,5653257029,10.4719,0.462972,elderly
89a8acc6c57ffff,89a8acc6c4fffff,3513038267,2955259222,18.7993,0.008866,elderly
89a8acc6c57ffff,89a8acc6c53ffff,3513038267,3425558243,18.1992,0.019871,elderly
89a8acc6c57ffff,89a8acc6c57ffff,3513038267,3513038267,0.4464,0.998771,elderly
89a8acc6c57ffff,89a8acc6c73ffff,3513038267,2336108293,18.7779,0.009185,elderly
89a8acc6c57ffff,89a8acc6cc3ffff,3513038267,3107402660,16.6602,0.067243,elderly
89a8acc6c57ffff,89a8acc6cc7ffff,3513038267,3409300606,14.4131,0.180497,elderly
89a8acc6c57ffff,89a8acc6ccfffff,3513038267,3874217785,8.0936,0.647498,elderly
89a8acc6c5bffff,89a8acc6127ffff,5653229020,3880605752,19.1908,0.004034,elderly
89a8acc6c5bffff,89a8acc6c43ffff,5653229020,3425558055,18.8685,0.007877,elderly
89a8acc6c5bffff,89a8acc6c4bffff,5653229020,3425557950,18.0004,0.024462,elderly
89a8acc6c5bffff,89a8acc6c53ffff,5653229020,3425558243,11.328,0.396454,elderly
89a8acc6c5bffff,89a8acc6c5bffff,5653229020,5653229020,0.856,0.995486,elderly
89a8acc6c5bffff,89a8acc6e93ffff,5653229020,2331878534,15.4968,0.11996,elderly
89a8acc6c5bffff,89a8acc6e97ffff,5653229020,2331878569,12.8353,0.284604,elderly
89a8acc6c63ffff,89a8acc6893ffff,2336034012,2335474678,17.6921,0.032498,elderly
89a8acc6c63ffff,89a8acc6c0fffff,2336034012,2332043156,17.109,0.050676,elderly
89a8acc6c63ffff,89a8acc6c2bffff,2336034012,2335474641,17.1473,0.049364,elderly
89a8acc6c63ffff,89a8acc6c63ffff,2336034012,2336034012,3.1389,0.940447,elderly
89a8acc6c63ffff,89a8acc6c67ffff,2336034012,4438325149,11.5666,0.378201,elderly
89a8acc6c63ffff,89a8acc6c6fffff,2336034012,2336108624,17.9722,0.025151,elderly
89a8acc6c63ffff,89a8acc6c73ffff,2336034012,2336108293,14.3235,0.185937,elderly
89a8acc6c63ffff,89a8acc6c77ffff,2336034012,2332075047,9.6801,0.525113,elderly
89a8acc6c63ffff,89a8acc6c7bffff,2336034012,2955259207,19.2098,0.003847,elderly
89a8acc6c67ffff,89a8acc6893ffff,4438325149,2335474678,10.3878,0.469559,elderly
89a8acc6c67ffff,89a8acc6c0fffff,4438325149,2332043156,18.6102,0.011868,elderly
89a8acc6c67ffff,89a8acc6c2bffff,4438325149,2335474641,13.4267,0.243675,elderly
89a8acc6c67ffff,89a8acc6c2fffff,4438325149,2335474575,17.2357,0.046401,elderly
89a8acc6c67ffff,89a8acc6c3bffff,4438325149,3380582097,18.5982,0.012073,elderly
89a8acc6c67ffff,89a8acc6c63ffff,4438325149,2336034012,9.9854,0.501146,elderly
89a8acc6c67ffff,89a8acc6c67ffff,4438325149,4438325149,0.2846,0.9995,elderly
89a8acc6c67ffff,89a8acc6c73ffff,4438325149,2336108293,18.1539,0.020876,elderly
89a8acc6c67ffff,89a8acc6c77ffff,4438325149,2332075047,8.0577,0.650195,elderly
89a8acc6c6bffff,89a8acc68d3ffff,965038276,2955259026,12.6762,0.295947,elderly
89a8acc6c6bffff,89a8acc68dbffff,965038276,2955259009,18.3759,0.016182,elderly
89a8acc6c6bffff,89a8acc6c6bffff,965038276,965038276,1.7797,0.98059,elderly
89a8acc6c6bffff,89a8acc6c73ffff,965038276,2336108293,15.5484,0.117341,elderly
89a8acc6c6bffff,89a8acc6c7bffff,965038276,2955259207,10.6675,0.447667,elderly
89a8acc6c6bffff,89a8acc6ea7ffff,965038276,3411176963,17.6752,0.03297,elderly
89a8acc6c6bffff,89a8acc6eb7ffff,965038276,2955259190,19.0782,0.005232,elderly
89a8acc6c6fffff,89a8acc6c63ffff,2336108624,2336034012,9.8728,0.509987,elderly
89a8acc6c6fffff,89a8acc6c67ffff,2336108624,4438325149,17.4792,0.038689,elderly
89a8acc6c6fffff,89a8acc6c6fffff,2336108624,2336108624,1.5245,0.985732,elderly
89a8acc6c6fffff,89a8acc6c77ffff,2336108624,2332075047,16.4141,0.077244,elderly
89a8acc6c73ffff,89a8acc6c03ffff,2336108293,4439701589,18.5521,0.012875,elderly
89a8acc6c73ffff,89a8acc6c0bffff,2336108293,3380581987,16.1864,0.087061,elderly
89a8acc6c73ffff,89a8acc6c0fffff,2336108293,2332043156,12.2578,0.326364,elderly
89a8acc6c73ffff,89a8acc6c2bffff,2336108293,2335474641,18.408,0.015552,elderly
89a8acc6c73ffff,89a8acc6c3bffff,2336108293,3380582097,16.3313,0.080751,elderly
89a8acc6c73ffff,89a8acc6c47ffff,2336108293,5653257029,12.399,0.31601,elderly
89a8acc6c73ffff,89a8acc6c4fffff,2336108293,2955259222,15.0214,0.145261,elderly
89a8acc6c73ffff,89a8acc6c57ffff,2336108293,3513038267,16.4288,0.076627,elderly
89a8acc6c73ffff,89a8acc6c63ffff,2336108293,2336034012,14.6053,0.16903,elderly
89a8acc6c73ffff,89a8acc6c6bffff,2336108293,965038276,14.9174,0.151064,elderly
89a8acc6c73ffff,89a8acc6c73ffff,2336108293,2336108293,0.9453,0.994497,elderly
89a8acc6c73ffff,89a8acc6c77ffff,2336108293,2332075047,9.9284,0.505622,elderly
89a8acc6c73ffff,89a8acc6c7bffff,2336108293,2955259207,10.2679,0.478964,elderly
89a8acc6c77ffff,89a8acc6893ffff,2332075047,2335474678,16.7828,0.0625,elderly
89a8acc6c77ffff,89a8acc6c03ffff,2332075047,4439701589,18.7723,0.009268,elderly
89a8acc6c77ffff,89a8acc6c07ffff,2332075047,2336108543,19.5455,0.001274,elderly
89a8acc6c77ffff,89a8acc6c0fffff,2332075047,2332043156,11.1894,0.407128,elderly
89a8acc6c77ffff,89a8acc6c23ffff,2332075047,2726180683,17.4105,0.040797,elderly
89a8acc6c77ffff,89a8acc6c2bffff,2332075047,2335474641,10.2915,0.47711,elderly
89a8acc6c77ffff,89a8acc6c2fffff,2332075047,2335474575,15.8151,0.104196,elderly
89a8acc6c77ffff,89a8acc6c3bffff,2332075047,3380582097,12.5244,0.306892,elderly
89a8acc6c77ffff,89a8acc6c63ffff,2332075047,2336034012,13.7778,0.220404,elderly
89a8acc6c77ffff,89a8acc6c67ffff,2332075047,4438325149,11.8153,0.359349,elderly
89a8acc6c77ffff,89a8acc6c73ffff,2332075047,2336108293,12.4094,0.315248,elderly
89a8acc6c77ffff,89a8acc6c77ffff,2332075047,2332075047,0.6369,0.9975,elderly
89a8acc6c7bffff,89a8acc68d3ffff,2955259207,2955259026,18.8743,0.007796,elderly
89a8acc6c7bffff,89a8acc6c0bffff,2955259207,3380581987,19.9841,2e-06,elderly
89a8acc6c7bffff,89a8acc6c43ffff,2955259207,3425558055,17.6204,0.034524,elderly
89a8acc6c7bffff,89a8acc6c47ffff,2955259207,5653257029,12.6343,0.298956,elderly
89a8acc6c7bffff,89a8acc6c4fffff,2955259207,2955259222,11.7967,0.360753,elderly
89a8acc6c7bffff,89a8acc6c63ffff,2955259207,2336034012,18.6489,0.011218,elderly
89a8acc6c7bffff,89a8acc6c6bffff,2955259207,965038276,9.4678,0.541752,elderly
89a8acc6c7bffff,89a8acc6c73ffff,2955259207,2336108293,10.6328,0.45038,elderly
89a8acc6c7bffff,89a8acc6c77ffff,2955259207,2332075047,15.7794,0.105915,elderly
89a8acc6c7bffff,89a8acc6c7bffff,2955259207,2955259207,0.427,0.998876,elderly
89a8acc6c7bffff,89a8acc6eb7ffff,2955259207,2955259190,13.5651,0.234408,elderly
89a8acc6c83ffff,89a8acc6c13ffff,3874217907,2332074930,17.5168,0.037558,elderly
89a8acc6c83ffff,89a8acc6c17ffff,3874217907,2332075028,17.8682,0.027772,elderly
89a8acc6c83ffff,89a8acc6c83ffff,3874217907,3874217907,1.2396,0.990551,elderly
89a8acc6c83ffff,89a8acc6c87ffff,3874217907,4471893673,12.0884,0.3389,elderly
89a8acc6c83ffff,89a8acc6c8bffff,3874217907,2332075083,14.9733,0.147932,elderly
89a8acc6c83ffff,89a8acc6c8fffff,3874217907,3005607847,10.8937,0.430041,elderly
89a8acc6c83ffff,89a8acc6c97ffff,3874217907,2332075036,16.9455,0.056456,elderly
89a8acc6c83ffff,89a8acc6cbbffff,3874217907,4471844854,17.3002,0.044291,elderly
89a8acc6c87ffff,89a8acc6c17ffff,4471893673,2332075028,19.2714,0.003271,elderly
89a8acc6c87ffff,89a8acc6c83ffff,4471893673,3874217907,9.9583,0.503279,elderly
89a8acc6c87ffff,89a8acc6c87ffff,4471893673,4471893673,1.284,0.989865,elderly
89a8acc6c87ffff,89a8acc6c8fffff,4471893673,3005607847,12.2969,0.323491,elderly
89a8acc6c87ffff,89a8acc6c97ffff,4471893673,2332075036,12.3295,0.321097,elderly
89a8acc6c87ffff,89a8acc6cbbffff,4471893673,4471844854,18.065,0.02292,elderly
89a8acc6c8bffff,89a8acc6c13ffff,2332075083,2332074930,11.5235,0.381487,elderly
89a8acc6c8bffff,89a8acc6c17ffff,2332075083,2332075028,17.396,0.041247,elderly
89a8acc6c8bffff,89a8acc6c1bffff,2332075083,7886951227,14.4284,0.179575,elderly
89a8acc6c8bffff,89a8acc6c8bffff,2332075083,2332075083,2.6933,0.955919,elderly
89a8acc6c8bffff,89a8acc6c8fffff,2332075083,3005607847,11.1547,0.409804,elderly
89a8acc6c8bffff,89a8acc6cbbffff,2332075083,4471844854,18.7212,0.010054,elderly
89a8acc6c8bffff,89a8acc6cc3ffff,2332075083,3107402660,17.3479,0.042764,elderly
89a8acc6c8bffff,89a8acc6cc7ffff,2332075083,3409300606,9.816,0.514446,elderly
89a8acc6c8bffff,89a8acc6ccfffff,2332075083,3874217785,19.7882,0.000277,elderly
89a8acc6c8bffff,89a8acc6cd7ffff,2332075083,3398798243,10.7697,0.439693,elderly
89a8acc6c8fffff,89a8acc6c13ffff,3005607847,2332074930,11.5188,0.381842,elderly
89a8acc6c8fffff,89a8acc6c17ffff,3005607847,2332075028,8.4919,0.617345,elderly
89a8acc6c8fffff,89a8acc6c1bffff,3005607847,7886951227,19.6284,0.000852,elderly
89a8acc6c8fffff,89a8acc6c83ffff,3005607847,3874217907,18.4474,0.014796,elderly
89a8acc6c8fffff,89a8acc6c8bffff,3005607847,2332075083,11.2393,0.403276,elderly
89a8acc6c8fffff,89a8acc6c8fffff,3005607847,3005607847,1.5173,0.985865,elderly
89a8acc6c8fffff,89a8acc6cabffff,3005607847,4451063632,14.5563,0.171924,elderly
89a8acc6c8fffff,89a8acc6cbbffff,3005607847,4471844854,9.0838,0.571712,elderly
89a8acc6c8fffff,89a8acc6cc7ffff,3005607847,3409300606,18.3621,0.016457,elderly
89a8acc6c8fffff,89a8acc6cd7ffff,3005607847,3398798243,19.3158,0.002885,elderly
89a8acc6c93ffff,89a8ac89267ffff,3411230699,3411230702,9.3917,0.547701,elderly
89a8acc6c93ffff,89a8acc6c93ffff,3411230699,3411230699,3.5209,0.92546,elderly
89a8acc6c93ffff,89a8acc6c9bffff,3411230699,3219028043,13.1656,0.261494,elderly
89a8acc6c93ffff,89a8acc6cd7ffff,3411230699,3398798243,19.0964,0.005028,elderly
89a8acc6c97ffff,89a8ac89227ffff,2332075036,4471899907,19.8318,0.000175,elderly
89a8acc6c97ffff,89a8ac8922fffff,2332075036,4032034265,14.3892,0.181944,elderly
89a8acc6c97ffff,89a8ac8935bffff,2332075036,3874217941,13.1044,0.265727,elderly
89a8acc6c97ffff,89a8acc6c83ffff,2332075036,3874217907,10.795,0.437727,elderly
89a8acc6c97ffff,89a8acc6c87ffff,2332075036,4471893673,7.224,0.711182,elderly
89a8acc6c97ffff,89a8acc6c8fffff,2332075036,3005607847,13.2541,0.255409,elderly
89a8acc6c97ffff,89a8acc6c97ffff,2332075036,2332075036,0.4972,0.998476,elderly
89a8acc6c97ffff,89a8acc6cbbffff,2332075036,4471844854,19.0222,0.005887,elderly
89a8acc6c9bffff,89a8ac89267ffff,3219028043,3411230702,14.7414,0.161094,elderly
89a8acc6c9bffff,89a8acc6c8bffff,3219028043,2332075083,18.6735,0.010814,elderly
89a8acc6c9bffff,89a8acc6c93ffff,3219028043,3411230699,13.0554,0.269139,elderly
89a8acc6c9bffff,89a8acc6c9bffff,3219028043,3219028043,1.5001,0.986183,elderly
89a8acc6c9bffff,89a8acc6cc7ffff,3219028043,3409300606,19.113,0.004845,elderly
89a8acc6c9bffff,89a8acc6cd7ffff,3219028043,3398798243,11.612,0.37474,elderly
89a8acc6ca3ffff,89a8acc6c33ffff,6764284642,2726180592,16.2079,0.08611,elderly
89a8acc6ca3ffff,89a8acc6ca3ffff,6764284642,6764284642,1.4977,0.986228,elderly
89a8acc6ca3ffff,89a8acc6cabffff,6764284642,4451063632,17.033,0.053325,elderly
89a8acc6ca3ffff,89a8acc6cafffff,6764284642,6764284385,9.2999,0.554875,elderly
89a8acc6ca7ffff,89a8ac8936bffff,6764284470,6764284470,7.9906,0.655209,elderly
89a8acc6ca7ffff,89a8acc6ca3ffff,6764284470,6764284642,13.7042,0.225211,elderly
89a8acc6ca7ffff,89a8acc6ca7ffff,6764284470,6764284470,4.0562,0.901898,elderly
89a8acc6ca7ffff,89a8acc6cafffff,6764284470,6764284385,14.6293,0.167622,elderly
89a8acc6cabffff,89a8acc6c07ffff,4451063632,2336108543,19.7047,0.000538,elderly
89a8acc6cabffff,89a8acc6c13ffff,4451063632,2332074930,18.2231,0.019351,elderly
89a8acc6cabffff,89a8acc6c17ffff,4451063632,2332075028,11.8474,0.356936,elderly
89a8acc6cabffff,89a8acc6c23ffff,4451063632,2726180683,18.4451,0.01484,elderly
89a8acc6cabffff,89a8acc6c33ffff,4451063632,2726180592,8.1662,0.642043,elderly
89a8acc6cabffff,89a8acc6c8fffff,4451063632,3005607847,12.6778,0.295835,elderly
89a8acc6cabffff,89a8acc6cabffff,4451063632,4451063632,0.7421,0.996607,elderly
89a8acc6cabffff,89a8acc6cbbffff,4451063632,4471844854,9.183,0.563987,elderly
89a8acc6cafffff,89a8acc6c33ffff,6764284385,2726180592,13.899,0.212559,elderly
89a8acc6cafffff,89a8acc6ca3ffff,6764284385,6764284642,10.5947,0.453363,elderly
89a8acc6cafffff,89a8acc6cabffff,6764284385,4451063632,14.7241,0.162093,elderly
89a8acc6cafffff,89a8acc6cafffff,6764284385,6764284385,1.4266,0.987498,elderly
89a8acc6cb3ffff,89a8ac8934bffff,3005607817,5267685479,15.8619,0.101962,elderly
89a8acc6cb3ffff,89a8ac8934fffff,3005607817,3005607838,19.2686,0.003296,elderly
89a8acc6cb3ffff,89a8acc6c8fffff,3005607817,3005607847,18.099,0.022126,elderly
89a8acc6cb3ffff,89a8acc6cb3ffff,3005607817,3005607817,1.1623,0.991689,elderly
89a8acc6cb3ffff,89a8acc6cbbffff,3005607817,4471844854,15.1065,0.140582,elderly
89a8acc6cb7ffff,89a8ac89343ffff,3005607840,4471973406,15.5035,0.11962,elderly
89a8acc6cb7ffff,89a8ac89347ffff,3005607840,3005607825,17.0764,0.051804,elderly
89a8acc6cb7ffff,89a8ac8934fffff,3005607840,3005607838,8.2999,0.631943,elderly
89a8acc6cb7ffff,89a8ac8937bffff,3005607840,3005607825,15.6657,0.111472,elderly
89a8acc6cb7ffff,89a8acc6cb3ffff,3005607840,3005607817,18.5415,0.013065,elderly
89a8acc6cb7ffff,89a8acc6cb7ffff,3005607840,3005607840,5.8089,0.805901,elderly
89a8acc6cbbffff,89a8acc6c13ffff,4471844854,2332074930,17.9598,0.025457,elderly
89a8acc6cbbffff,89a8acc6c17ffff,4471844854,2332075028,13.1059,0.265627,elderly
89a8acc6cbbffff,89a8acc6c33ffff,4471844854,2726180592,19.8481,0.000142,elderly
89a8acc6cbbffff,89a8acc6c8fffff,4471844854,3005607847,11.7346,0.365446,elderly
89a8acc6cbbffff,89a8acc6cabffff,4471844854,4451063632,12.6367,0.298781,elderly
89a8acc6cbbffff,89a8acc6cbbffff,4471844854,4471844854,2.8197,0.951754,elderly
89a8acc6cc3ffff,89a8acc6137ffff,3107402660,3082292208,17.4756,0.038797,elderly
89a8acc6cc3ffff,89a8acc6c1bffff,3107402660,7886951227,16.0779,0.091926,elderly
89a8acc6cc3ffff,89a8acc6c57ffff,3107402660,3513038267,16.2443,0.084513,elderly
89a8acc6cc3ffff,89a8acc6c8bffff,3107402660,2332075083,17.1021,0.050912,elderly
89a8acc6cc3ffff,89a8acc6cc3ffff,3107402660,3107402660,0.3816,0.999102,elderly
89a8acc6cc3ffff,89a8acc6cc7ffff,3107402660,3409300606,8.6968,0.601643,elderly
89a8acc6cc3ffff,89a8acc6ccbffff,3107402660,3082292208,14.5368,0.173082,elderly
89a8acc6cc3ffff,89a8acc6ccfffff,3107402660,3874217785,10.4259,0.466578,elderly
89a8acc6cc3ffff,89a8acc6cd3ffff,3107402660,3398796275,14.4435,0.178666,elderly
89a8acc6cc3ffff,89a8acc6cd7ffff,3107402660,3398798243,11.0544,0.417568,elderly
89a8acc6cc3ffff,89a8acc6cdbffff,3107402660,3874217836,11.4934,0.383783,elderly
89a8acc6cc7ffff,89a8acc6c13ffff,3409300606,2332074930,14.6503,0.166394,elderly
89a8acc6cc7ffff,89a8acc6c1bffff,3409300606,7886951227,9.1253,0.568479,elderly
89a8acc6cc7ffff,89a8acc6c57ffff,3409300606,3513038267,16.8033,0.061722,elderly
89a8acc6cc7ffff,89a8acc6c8bffff,3409300606,2332075083,10.1496,0.488251,elderly
89a8acc6cc7ffff,89a8acc6c8fffff,3409300606,3005607847,18.6111,0.011853,elderly
89a8acc6cc7ffff,89a8acc6cc3ffff,3409300606,3107402660,9.2761,0.556735,elderly
89a8acc6cc7ffff,89a8acc6cc7ffff,3409300606,3409300606,1.7442,0.981351,elderly
89a8acc6cc7ffff,89a8acc6ccfffff,3409300606,3874217785,12.3599,0.318867,elderly
89a8acc6cc7ffff,89a8acc6cd7ffff,3409300606,3398798243,10.963,0.424654,elderly
89a8acc6ccbffff,89a8acc6137ffff,3082292208,3082292208,8.0059,0.654068,elderly
89a8acc6ccbffff,89a8acc6cc3ffff,3082292208,3107402660,9.8433,0.512306,elderly
89a8acc6ccbffff,89a8acc6cc7ffff,3082292208,3409300606,18.1585,0.020773,elderly
89a8acc6ccbffff,89a8acc6ccbffff,3082292208,3082292208,5.0671,0.849805,elderly
89a8acc6ccbffff,89a8acc6ccfffff,3082292208,3874217785,19.8876,7.8e-05,elderly
89a8acc6ccbffff,89a8acc6cd3ffff,3082292208,3398796275,16.4221,0.076907,elderly
89a8acc6ccbffff,89a8acc6cd7ffff,3082292208,3398798243,19.0766,0.005251,elderly
89a8acc6ccbffff,89a8acc6cdbffff,3082292208,3874217836,7.279,0.707262,elderly
89a8acc6ccfffff,89a8acc6c13ffff,3874217785,2332074930,17.6566,0.033492,elderly
89a8acc6ccfffff,89a8acc6c1bffff,3874217785,7886951227,8.7222,0.599685,elderly
89a8acc6ccfffff,89a8acc6c43ffff,3874217785,3425558055,18.0841,0.022472,elderly
89a8acc6ccfffff,89a8acc6c47ffff,3874217785,5653257029,16.6289,0.068477,elderly
89a8acc6ccfffff,89a8acc6c57ffff,3874217785,3513038267,6.6034,0.75429,elderly
89a8acc6ccfffff,89a8acc6c8bffff,3874217785,2332075083,17.8488,0.028274,elderly
89a8acc6ccfffff,89a8acc6cc3ffff,3874217785,3107402660,9.3515,0.550848,elderly
89a8acc6ccfffff,89a8acc6cc7ffff,3874217785,3409300606,9.4435,0.543655,elderly
89a8acc6ccfffff,89a8acc6ccfffff,3874217785,3874217785,0.7849,0.996204,elderly
89a8acc6ccfffff,89a8acc6cd7ffff,3874217785,3398798243,15.5748,0.116009,elderly
89a8acc6cd3ffff,89a8acc6137ffff,3398796275,3082292208,19.9099,5e-05,elderly
89a8acc6cd3ffff,89a8acc6cc3ffff,3398796275,3107402660,10.3967,0.468865,elderly
89a8acc6cd3ffff,89a8acc6cc7ffff,3398796275,3409300606,18.7119,0.010201,elderly
89a8acc6cd3ffff,89a8acc6ccbffff,3398796275,3082292208,16.9711,0.055531,elderly
89a8acc6cd3ffff,89a8acc6cd3ffff,3398796275,3398796275,2.8555,0.950541,elderly
89a8acc6cd3ffff,89a8acc6cd7ffff,3398796275,3398798243,15.1508,0.138172,elderly
89a8acc6cd3ffff,89a8acc6cdbffff,3398796275,3874217836,8.7232,0.599608,elderly
89a8acc6cd7ffff,89a8ac89267ffff,3398798243,3411230702,19.0397,0.005677,elderly
89a8acc6cd7ffff,89a8ac8926bffff,3398798243,3874217830,19.3798,0.002371,elderly
89a8acc6cd7ffff,89a8ac8926fffff,3398798243,4451110980,16.6568,0.067375,elderly
89a8acc6cd7ffff,89a8acc6c13ffff,3398798243,2332074930,19.8423,0.000153,elderly
89a8acc6cd7ffff,89a8acc6c1bffff,3398798243,7886951227,17.8496,0.028254,elderly
89a8acc6cd7ffff,89a8acc6c8bffff,3398798243,2332075083,11.0121,0.420844,elderly
89a8acc6cd7ffff,89a8acc6c8fffff,3398798243,3005607847,19.4736,0.001709,elderly
89a8acc6cd7ffff,89a8acc6c9bffff,3398798243,3219028043,15.9352,0.098502,elderly
89a8acc6cd7ffff,89a8acc6cc3ffff,3398798243,3107402660,11.3289,0.396382,elderly
89a8acc6cd7ffff,89a8acc6cc7ffff,3398798243,3409300606,11.0803,0.415556,elderly
89a8acc6cd7ffff,89a8acc6ccfffff,3398798243,3874217785,17.0708,0.052001,elderly
89a8acc6cd7ffff,89a8acc6cd7ffff,3398798243,3398798243,0.4581,0.998706,elderly
89a8acc6cdbffff,89a8acc6137ffff,3874217836,3082292208,14.6528,0.166242,elderly
89a8acc6cdbffff,89a8acc6cc3ffff,3874217836,3107402660,9.4746,0.541219,elderly
89a8acc6cdbffff,89a8acc6cc7ffff,3874217836,3409300606,17.7898,0.029833,elderly
89a8acc6cdbffff,89a8acc6ccbffff,3874217836,3082292208,11.7141,0.366997,elderly
89a8acc6cdbffff,89a8acc6ccfffff,3874217836,3874217785,19.5189,0.001427,elderly
89a8acc6cdbffff,89a8acc6cd3ffff,3874217836,3398796275,10.7059,0.444672,elderly
89a8acc6cdbffff,89a8acc6cd7ffff,3874217836,3398798243,16.7899,0.062229,elderly
89a8acc6cdbffff,89a8acc6cdbffff,3874217836,3874217836,1.2319,0.990668,elderly
89a8acc6d43ffff,89a8acc6d43ffff,2335474594,2335474594,0.9575,0.994356,elderly
89a8acc6d43ffff,89a8acc6d47ffff,2335474594,4442799997,11.8385,0.357603,elderly
89a8acc6d43ffff,89a8acc6d4bffff,2335474594,4442800000,11.2582,0.40182,elderly
89a8acc6d43ffff,89a8acc6d4fffff,2335474594,4442799076,14.3908,0.181845,elderly
89a8acc6d43ffff,89a8acc6d57ffff,2335474594,4442800008,9.5087,0.538546,elderly
89a8acc6d47ffff,89a8acc6d43ffff,4442799997,2335474594,7.0063,0.726555,elderly
89a8acc6d47ffff,89a8acc6d47ffff,4442799997,4442799997,4.0568,0.901871,elderly
89a8acc6d47ffff,89a8acc6d4bffff,4442799997,4442800000,17.3071,0.04407,elderly
89a8acc6d47ffff,89a8acc6d57ffff,4442799997,4442800008,15.5576,0.116877,elderly
89a8acc6d4bffff,89a8acc6d43ffff,4442800000,2335474594,15.747,0.107488,elderly
89a8acc6d4bffff,89a8acc6d4bffff,4442800000,4442800000,2.1394,0.97203,elderly
89a8acc6d4bffff,89a8acc6d4fffff,4442800000,4442799076,17.8345,0.028648,elderly
89a8acc6d4fffff,89a8acc6897ffff,4442799076,2726185454,18.6208,0.011689,elderly
89a8acc6d4fffff,89a8acc68b3ffff,4442799076,2726185479,18.5929,0.012163,elderly
89a8acc6d4fffff,89a8acc6d43ffff,4442799076,2335474594,14.7968,0.15791,elderly
89a8acc6d4fffff,89a8acc6d4bffff,4442799076,4442800000,13.7518,0.222101,elderly
89a8acc6d4fffff,89a8acc6d4fffff,4442799076,4442799076,0.6703,0.997231,elderly
89a8acc6d53ffff,89a8acc6c27ffff,2335292974,2335292922,14.1841,0.194535,elderly
89a8acc6d53ffff,89a8acc6d53ffff,2335292974,2335292974,0.6074,0.997726,elderly
89a8acc6d53ffff,89a8acc6d5bffff,2335292974,7546069758,15.7499,0.107346,elderly
89a8acc6d53ffff,89a8acc6dcfffff,2335292974,2335293007,7.2035,0.71264,elderly
89a8acc6d57ffff,89a8acc6d43ffff,4442800008,2335474594,10.7185,0.443689,elderly
89a8acc6d57ffff,89a8acc6d57ffff,4442800008,4442800008,5.6755,0.814122,elderly
89a8acc6d5bffff,89a8acc6c23ffff,7546069758,2726180683,18.8328,0.008379,elderly
89a8acc6d5bffff,89a8acc6c27ffff,7546069758,2335292922,12.2682,0.3256,elderly
89a8acc6d5bffff,89a8acc6c2fffff,7546069758,2335474575,17.1473,0.049363,elderly
89a8acc6d5bffff,89a8acc6d53ffff,7546069758,2335292974,15.5637,0.116567,elderly
89a8acc6d5bffff,89a8acc6d5bffff,7546069758,7546069758,3.7163,0.9172,elderly
89a8acc6d5bffff,89a8acc6dcfffff,7546069758,2335293007,18.3411,0.016879,elderly
89a8acc6dc3ffff,89a8acc6c37ffff,8370861869,8370861913,16.7083,0.065362,elderly
89a8acc6dc3ffff,89a8acc6dc3ffff,8370861869,8370861869,4.784,0.865342,elderly
89a8acc6dc3ffff,89a8acc6dcbffff,8370861869,8370861883,8.0072,0.653973,elderly
89a8acc6dc3ffff,89a8acc6dd3ffff,8370861869,8371222445,16.8256,0.060882,elderly
89a8acc6dc3ffff,89a8acc6ddbffff,8370861869,8370942543,12.1045,0.337707,elderly
89a8acc6dcbffff,89a8acc6c33ffff,8370861883,2726180592,19.9159,4.4e-05,elderly
89a8acc6dcbffff,89a8acc6c37ffff,8370861883,8370861913,14.1338,0.197669,elderly
89a8acc6dcbffff,89a8acc6dc3ffff,8370861883,8370861869,8.2629,0.634744,elderly
89a8acc6dcbffff,89a8acc6dcbffff,8370861883,8370861883,0.9028,0.994981,elderly
89a8acc6dcbffff,89a8acc6dd3ffff,8370861883,8371222445,16.0868,0.091522,elderly
89a8acc6dcbffff,89a8acc6ddbffff,8370861883,8370942543,11.3657,0.393558,elderly
89a8acc6dcfffff,89a8acc6c27ffff,2335293007,2335292922,18.7993,0.008866,elderly
89a8acc6dcfffff,89a8acc6d53ffff,2335293007,2335292974,9.0413,0.575008,elderly
89a8acc6dcfffff,89a8acc6dcfffff,2335293007,2335293007,5.3584,0.833101,elderly
89a8acc6dd3ffff,89a8acc6dc3ffff,8371222445,8370861869,15.2192,0.134487,elderly
89a8acc6dd3ffff,89a8acc6dcbffff,8371222445,8370861883,14.2246,0.19202,elderly
89a8acc6dd3ffff,89a8acc6dd3ffff,8371222445,8371222445,6.384,0.768975,elderly
89a8acc6dd3ffff,89a8acc6ddbffff,8371222445,8370942543,5.9722,0.795657,elderly
89a8acc6ddbffff,89a8acc6c37ffff,8370942543,8370861913,17.3062,0.044098,elderly
89a8acc6ddbffff,89a8acc6dc3ffff,8370942543,8370861869,11.1387,0.411047,elderly
89a8acc6ddbffff,89a8acc6dcbffff,8370942543,8370861883,10.1441,0.488681,elderly
89a8acc6ddbffff,89a8acc6dd3ffff,8370942543,8371222445,6.6128,0.753657,elderly
89a8acc6ddbffff,89a8acc6ddbffff,8370942543,8370942543,1.8917,0.978088,elderly
89a8acc6e03ffff,89a8acc6e03ffff,4438518283,4438518283,4.347,0.887894,elderly
89a8acc6e03ffff,89a8acc6e07ffff,4438518283,3107399819,15.3082,0.129753,elderly
89a8acc6e03ffff,89a8acc6e0bffff,4438518283,5268450220,9.2895,0.555688,elderly
89a8acc6e03ffff,89a8acc6e0fffff,4438518283,9511225456,6.3932,0.768367,elderly
89a8acc6e07ffff,89a8acc6e03ffff,3107399819,4438518283,10.2378,0.481324,elderly
89a8acc6e07ffff,89a8acc6e07ffff,3107399819,3107399819,0.6372,0.997497,elderly
89a8acc6e07ffff,89a8acc6e0bffff,3107399819,5268450220,14.5995,0.169372,elderly
89a8acc6e07ffff,89a8acc6e0fffff,3107399819,9511225456,11.6632,0.370855,elderly
89a8acc6e07ffff,89a8acc6e17ffff,3107399819,2648475729,12.7036,0.293986,elderly
89a8acc6e07ffff,89a8acc6e33ffff,3107399819,2639739488,16.6642,0.067084,elderly
89a8acc6e07ffff,89a8acc6eabffff,3107399819,2403004414,9.8452,0.512161,elderly
89a8acc6e0bffff,89a8acc6e03ffff,5268450220,4438518283,10.3763,0.470461,elderly
89a8acc6e0bffff,89a8acc6e0bffff,5268450220,5268450220,8.7924,0.594274,elderly
89a8acc6e0bffff,89a8acc6e0fffff,5268450220,9511225456,6.9499,0.730497,elderly
89a8acc6e0fffff,89a8acc6e03ffff,9511225456,4438518283,7.9117,0.661091,elderly
89a8acc6e0fffff,89a8acc6e07ffff,9511225456,3107399819,18.28,0.018139,elderly
89a8acc6e0fffff,89a8acc6e0bffff,9511225456,5268450220,7.1274,0.718035,elderly
89a8acc6e0fffff,89a8acc6e0fffff,9511225456,9511225456,3.833,0.912076,elderly
89a8acc6e0fffff,89a8acc6e3bffff,9511225456,6994114527,19.1303,0.004659,elderly
89a8acc6e0fffff,89a8acc6e77ffff,9511225456,6994114774,18.4734,0.014307,elderly
89a8acc6e13ffff,89a8acc6e13ffff,11378070444,11378070444,6.4205,0.766552,elderly
89a8acc6e13ffff,89a8acc6e1bffff,11378070444,11378070444,7.4651,0.693871,elderly
89a8acc6e13ffff,89a8acc6ec7ffff,11378070444,11378070444,5.4494,0.827733,elderly
89a8acc6e17ffff,89a8acc6e03ffff,2648475729,4438518283,15.5794,0.115774,elderly
89a8acc6e17ffff,89a8acc6e07ffff,2648475729,3107399819,8.8058,0.593246,elderly
89a8acc6e17ffff,89a8acc6e0fffff,2648475729,9511225456,17.111,0.050608,elderly
89a8acc6e17ffff,89a8acc6e17ffff,2648475729,2648475729,1.8739,0.978496,elderly
89a8acc6e17ffff,89a8acc6e8fffff,2648475729,2639739589,17.645,0.033822,elderly
89a8acc6e17ffff,89a8acc6eabffff,2648475729,2403004414,13.8872,0.213322,elderly
89a8acc6e1bffff,89a8acc6e13ffff,11378070444,11378070444,7.4651,0.693871,elderly
89a8acc6e1bffff,89a8acc6e1bffff,11378070444,11378070444,8.5097,0.615982,elderly
89a8acc6e1bffff,89a8acc6ec7ffff,11378070444,11378070444,6.494,0.761648,elderly
89a8acc6e23ffff,89a8acc6e23ffff,4439995409,4439995409,0.8103,0.995955,elderly
89a8acc6e23ffff,89a8acc6e37ffff,4439995409,4441055873,17.0442,0.05293,elderly
89a8acc6e27ffff,89a8acc6853ffff,3082243611,3507851533,12.003,0.345265,elderly
89a8acc6e27ffff,89a8acc6a93ffff,3082243611,2639739558,18.6867,0.010602,elderly
89a8acc6e27ffff,89a8acc6a97ffff,3082243611,2639739558,17.5579,0.036338,elderly
89a8acc6e27ffff,89a8acc6e27ffff,3082243611,3082243611,0.3928,0.999049,elderly
89a8acc6e27ffff,89a8acc6e2fffff,3082243611,2639739558,14.1052,0.199462,elderly
89a8acc6e2bffff,89a8acc6e2bffff,2639739303,2639739303,5.1262,0.846476,elderly
89a8acc6e2bffff,89a8acc6e33ffff,2639739303,2639739488,15.2742,0.131549,elderly
89a8acc6e2bffff,89a8acc6e3bffff,2639739303,6994114527,18.0342,0.023648,elderly
89a8acc6e2bffff,89a8acc6e77ffff,2639739303,6994114774,11.1947,0.406715,elderly
89a8acc6e2fffff,89a8acc6a93ffff,2639739558,2639739558,6.498,0.76138,elderly
89a8acc6e2fffff,89a8acc6a97ffff,2639739558,2639739558,5.3693,0.832461,elderly
89a8acc6e2fffff,89a8acc6e27ffff,2639739558,3082243611,10.0773,0.493932,elderly
89a8acc6e2fffff,89a8acc6e2fffff,2639739558,2639739558,1.9166,0.977512,elderly
89a8acc6e33ffff,89a8acc68dbffff,2639739488,2955259009,16.8203,0.061081,elderly
89a8acc6e33ffff,89a8acc6e2bffff,2639739488,2639739303,17.8562,0.028083,elderly
89a8acc6e33ffff,89a8acc6e33ffff,2639739488,2639739488,1.3201,0.989288,elderly
89a8acc6e33ffff,89a8acc6e37ffff,2639739488,4441055873,14.9813,0.147489,elderly
89a8acc6e33ffff,89a8acc6eabffff,2639739488,2403004414,13.3452,0.249195,elderly
89a8acc6e33ffff,89a8acc6eafffff,2639739488,2955259142,19.2202,0.003747,elderly
89a8acc6e37ffff,89a8acc68cbffff,4441055873,6770713434,10.1747,0.486278,elderly
89a8acc6e37ffff,89a8acc68d3ffff,4441055873,2955259026,19.0051,0.006093,elderly
89a8acc6e37ffff,89a8acc68dbffff,4441055873,2955259009,11.1255,0.412063,elderly
89a8acc6e37ffff,89a8acc6e33ffff,4441055873,2639739488,14.7774,0.159024,elderly
89a8acc6e37ffff,89a8acc6e37ffff,4441055873,4441055873,0.496,0.998483,elderly
89a8acc6e37ffff,89a8acc6eabffff,4441055873,2403004414,19.9599,1e-05,elderly
89a8acc6e3bffff,89a8acc6e03ffff,6994114527,4438518283,19.7231,0.000473,elderly
89a8acc6e3bffff,89a8acc6e0bffff,6994114527,5268450220,19.5383,0.001314,elderly
89a8acc6e3bffff,89a8acc6e0fffff,6994114527,9511225456,16.602,0.06955,elderly
89a8acc6e3bffff,89a8acc6e2bffff,6994114527,2639739303,19.2927,0.003083,elderly
89a8acc6e3bffff,89a8acc6e3bffff,6994114527,6994114527,1.2745,0.990014,elderly
89a8acc6e3bffff,89a8acc6e77ffff,6994114527,6994114774,10.5035,0.460494,elderly
89a8acc6e63ffff,89a8acc6e03ffff,2639739375,4438518283,19.1325,0.004635,elderly
89a8acc6e63ffff,89a8acc6e0bffff,2639739375,5268450220,18.3482,0.016736,elderly
89a8acc6e63ffff,89a8acc6e0fffff,2639739375,9511225456,15.0538,0.143469,elderly
89a8acc6e63ffff,89a8acc6e63ffff,2639739375,2639739375,0.6802,0.997148,elderly
89a8acc6e63ffff,89a8acc6e67ffff,2639739375,13229907438,14.5447,0.172612,elderly
89a8acc6e63ffff,89a8acc6e6fffff,2639739375,7886908967,12.8832,0.281218,elderly
89a8acc6e63ffff,89a8acc6e73ffff,2639739375,6994114573,7.7973,0.669571,elderly
89a8acc6e63ffff,89a8acc6e77ffff,2639739375,6994114774,10.5657,0.455627,elderly
89a8acc6e67ffff,89a8acc6e67ffff,13229907438,13229907438,5.7169,0.811582,elderly
89a8acc6e67ffff,89a8acc6e6fffff,13229907438,7886908967,6.3658,0.77018,elderly
89a8acc6e67ffff,89a8acc6e77ffff,13229907438,6994114774,15.5904,0.115224,elderly
89a8acc6e6fffff,89a8acc6e67ffff,7886908967,13229907438,6.3658,0.77018,elderly
89a8acc6e6fffff,89a8acc6e6fffff,7886908967,7886908967,3.5357,0.924847,elderly
89a8acc6e6fffff,89a8acc6e77ffff,7886908967,6994114774,13.9288,0.210648,elderly
89a8acc6e73ffff,89a8acc6e03ffff,6994114573,4438518283,17.9112,0.026674,elderly
89a8acc6e73ffff,89a8acc6e0bffff,6994114573,5268450220,17.1269,0.050061,elderly
89a8acc6e73ffff,89a8acc6e0fffff,6994114573,9511225456,13.8325,0.21685,elderly
89a8acc6e73ffff,89a8acc6e63ffff,6994114573,2639739375,8.4214,0.622713,elderly
89a8acc6e73ffff,89a8acc6e73ffff,6994114573,6994114573,4.7499,0.867164,elderly
89a8acc6e73ffff,89a8acc6e77ffff,6994114573,6994114774,11.0301,0.419448,elderly
89a8acc6e77ffff,89a8acc6e0fffff,6994114774,9511225456,17.6052,0.034961,elderly
89a8acc6e77ffff,89a8acc6e2bffff,6994114774,2639739303,14.0955,0.200076,elderly
89a8acc6e77ffff,89a8acc6e3bffff,6994114774,6994114527,12.2086,0.329997,elderly
89a8acc6e77ffff,89a8acc6e63ffff,6994114774,2639739375,17.5843,0.035568,elderly
89a8acc6e77ffff,89a8acc6e67ffff,6994114774,13229907438,18.9466,0.006829,elderly
89a8acc6e77ffff,89a8acc6e6fffff,6994114774,7886908967,17.285,0.044783,elderly
89a8acc6e77ffff,89a8acc6e73ffff,6994114774,6994114573,14.8678,0.153861,elderly
89a8acc6e77ffff,89a8acc6e77ffff,6994114774,6994114774,0.5787,0.997936,elderly
89a8acc6e83ffff,89a8acc6167ffff,2331878544,3880662263,17.5238,0.037348,elderly
89a8acc6e83ffff,89a8acc616fffff,2331878544,8356539506,15.8127,0.104313,elderly
89a8acc6e83ffff,89a8acc6c4bffff,2331878544,3425557950,14.6396,0.16702,elderly
89a8acc6e83ffff,89a8acc6e83ffff,2331878544,2331878544,0.7372,0.996652,elderly
89a8acc6e83ffff,89a8acc6e87ffff,2331878544,2648494986,14.0518,0.202827,elderly
89a8acc6e83ffff,89a8acc6e8bffff,2331878544,4439551769,12.1555,0.33392,elderly
89a8acc6e83ffff,89a8acc6e93ffff,2331878544,2331878534,8.0684,0.649388,elderly
89a8acc6e83ffff,89a8acc6e97ffff,2331878544,2331878569,9.613,0.530377,elderly
89a8acc6e83ffff,89a8acc6e9bffff,2331878544,2648495024,9.9495,0.503964,elderly
89a8acc6e87ffff,89a8acc6c43ffff,2648494986,3425558055,17.9375,0.026012,elderly
89a8acc6e87ffff,89a8acc6c4bffff,2648494986,3425557950,11.1973,0.406521,elderly
89a8acc6e87ffff,89a8acc6c4fffff,2648494986,2955259222,19.5888,0.001043,elderly
89a8acc6e87ffff,89a8acc6e83ffff,2648494986,2331878544,13.7487,0.222302,elderly
89a8acc6e87ffff,89a8acc6e87ffff,2648494986,2648494986,1.9259,0.977294,elderly
89a8acc6e87ffff,89a8acc6e93ffff,2648494986,2331878534,18.2463,0.018851,elderly
89a8acc6e87ffff,89a8acc6e97ffff,2648494986,2331878569,10.0886,0.493041,elderly
89a8acc6e8bffff,89a8acc6e83ffff,4439551769,2331878544,9.5665,0.534018,elderly
89a8acc6e8bffff,89a8acc6e8bffff,4439551769,4439551769,7.0733,0.721852,elderly
89a8acc6e8bffff,89a8acc6e93ffff,4439551769,2331878534,16.5549,0.071445,elderly
89a8acc6e8bffff,89a8acc6e97ffff,4439551769,2331878569,18.4424,0.014892,elderly
89a8acc6e8bffff,89a8acc6e9bffff,4439551769,2648495024,14.7555,0.160281,elderly
89a8acc6e8fffff,89a8acc6e07ffff,2639739589,3107399819,19.0784,0.00523,elderly
89a8acc6e8fffff,89a8acc6e17ffff,2639739589,2648475729,15.9415,0.098207,elderly
89a8acc6e8fffff,89a8acc6e83ffff,2639739589,2331878544,16.3302,0.080798,elderly
89a8acc6e8fffff,89a8acc6e87ffff,2639739589,2648494986,12.6314,0.299164,elderly
89a8acc6e8fffff,89a8acc6e8fffff,2639739589,2639739589,3.4091,0.930005,elderly
89a8acc6e8fffff,89a8acc6e97ffff,2639739589,2331878569,16.9394,0.056679,elderly
89a8acc6e8fffff,89a8acc6ebbffff,2639739589,2648475715,17.402,0.041059,elderly
89a8acc6e93ffff,89a8acc612bffff,2331878534,3880662273,19.1156,0.004817,elderly
89a8acc6e93ffff,89a8acc6167ffff,2331878534,3880662263,13.6434,0.229215,elderly
89a8acc6e93ffff,89a8acc616fffff,2331878534,8356539506,19.7696,0.000327,elderly
89a8acc6e93ffff,89a8acc6c4bffff,2331878534,3425557950,19.3526,0.002583,elderly
89a8acc6e93ffff,89a8acc6c5bffff,2331878534,5653229020,16.7506,0.06373,elderly
89a8acc6e93ffff,89a8acc6e83ffff,2331878534,2331878544,9.7852,0.516869,elderly
89a8acc6e93ffff,89a8acc6e93ffff,2331878534,2331878534,1.7155,0.981956,elderly
89a8acc6e93ffff,89a8acc6e97ffff,2331878534,2331878569,10.9822,0.423168,elderly
89a8acc6e93ffff,89a8acc6e9bffff,2331878534,2648495024,13.9065,0.212083,elderly
89a8acc6e97ffff,89a8acc6127ffff,2331878569,3880605752,17.0884,0.051389,elderly
89a8acc6e97ffff,89a8acc6c43ffff,2331878569,3425558055,18.0028,0.024403,elderly
89a8acc6e97ffff,89a8acc6c4bffff,2331878569,3425557950,10.1594,0.487483,elderly
89a8acc6e97ffff,89a8acc6c4fffff,2331878569,2955259222,19.6542,0.000738,elderly
89a8acc6e97ffff,89a8acc6c5bffff,2331878569,5653229020,13.7213,0.224094,elderly
89a8acc6e97ffff,89a8acc6e83ffff,2331878569,2331878544,9.79,0.51649,elderly
89a8acc6e97ffff,89a8acc6e87ffff,2331878569,2648494986,12.0373,0.342711,elderly
89a8acc6e97ffff,89a8acc6e93ffff,2331878569,2331878534,9.2279,0.560494,elderly
89a8acc6e97ffff,89a8acc6e97ffff,2331878569,2331878569,1.0702,0.992952,elderly
89a8acc6e97ffff,89a8acc6e9bffff,2331878569,2648495024,18.5386,0.013116,elderly
89a8acc6e9bffff,89a8acc612bffff,2648495024,3880662273,15.3242,0.128906,elderly
89a8acc6e9bffff,89a8acc6167ffff,2648495024,3880662263,9.852,0.51162,elderly
89a8acc6e9bffff,89a8acc616fffff,2648495024,8356539506,8.1409,0.643947,elderly
89a8acc6e9bffff,89a8acc6e83ffff,2648495024,2331878544,9.5869,0.532419,elderly
89a8acc6e9bffff,89a8acc6e8bffff,2648495024,4439551769,16.6183,0.0689,elderly
89a8acc6e9bffff,89a8acc6e93ffff,2648495024,2331878534,9.4869,0.540254,elderly
89a8acc6e9bffff,89a8acc6e97ffff,2648495024,2331878569,18.2021,0.019806,elderly
89a8acc6e9bffff,89a8acc6e9bffff,2648495024,2648495024,1.8936,0.978045,elderly
89a8acc6e9bffff,89a8acc6ed7ffff,2648495024,4452336172,12.7249,0.292462,elderly
89a8acc6ea3ffff,89a8acc68d3ffff,2955259166,2955259026,19.774,0.000315,elderly
89a8acc6ea3ffff,89a8acc68dbffff,2955259166,2955259009,16.4289,0.076625,elderly
89a8acc6ea3ffff,89a8acc6c4fffff,2955259166,2955259222,17.1585,0.048983,elderly
89a8acc6ea3ffff,89a8acc6c7bffff,2955259166,2955259207,16.3445,0.08019,elderly
89a8acc6ea3ffff,89a8acc6e33ffff,2955259166,2639739488,17.2029,0.04749,elderly
89a8acc6ea3ffff,89a8acc6ea3ffff,2955259166,2955259166,1.1121,0.99239,elderly
89a8acc6ea3ffff,89a8acc6eabffff,2955259166,2403004414,8.5054,0.616311,elderly
89a8acc6ea3ffff,89a8acc6eafffff,2955259166,2955259142,7.398,0.698717,elderly
89a8acc6ea3ffff,89a8acc6eb3ffff,2955259166,3501190741,9.278,0.556581,elderly
89a8acc6ea3ffff,89a8acc6eb7ffff,2955259166,2955259190,8.3191,0.63049,elderly
89a8acc6ea3ffff,89a8acc6ebbffff,2955259166,2648475715,13.8607,0.215027,elderly
89a8acc6ea7ffff,89a8acc68d3ffff,3411176963,2955259026,14.7038,0.163274,elderly
89a8acc6ea7ffff,89a8acc68dbffff,3411176963,2955259009,11.65,0.371857,elderly
89a8acc6ea7ffff,89a8acc6c6bffff,3411176963,965038276,14.8365,0.155641,elderly
89a8acc6ea7ffff,89a8acc6c7bffff,3411176963,2955259207,19.7436,0.000405,elderly
89a8acc6ea7ffff,89a8acc6ea7ffff,3411176963,3411176963,0.6704,0.99723,elderly
89a8acc6eabffff,89a8acc68dbffff,2403004414,2955259009,18.3244,0.01722,elderly
89a8acc6eabffff,89a8acc6e07ffff,2403004414,3107399819,14.6175,0.168317,elderly
89a8acc6eabffff,89a8acc6e33ffff,2403004414,2639739488,9.7436,0.520129,elderly
89a8acc6eabffff,89a8acc6e37ffff,2403004414,4441055873,16.4853,0.074283,elderly
89a8acc6eabffff,89a8acc6ea3ffff,2403004414,2955259166,14.6134,0.168557,elderly
89a8acc6eabffff,89a8acc6eabffff,2403004414,2403004414,0.9757,0.994139,elderly
89a8acc6eabffff,89a8acc6eafffff,2403004414,2955259142,15.2878,0.130828,elderly
89a8acc6eabffff,89a8acc6ebbffff,2403004414,2648475715,19.8511,0.000137,elderly
89a8acc6eafffff,89a8acc68cbffff,2955259142,6770713434,18.7069,0.010279,elderly
89a8acc6eafffff,89a8acc68d3ffff,2955259142,2955259026,16.1304,0.089556,elderly
89a8acc6eafffff,89a8acc68dbffff,2955259142,2955259009,9.6808,0.525062,elderly
89a8acc6eafffff,89a8acc6e33ffff,2955259142,2639739488,14.569,0.171175,elderly
89a8acc6eafffff,89a8acc6e37ffff,2955259142,4441055873,15.7172,0.108939,elderly
89a8acc6eafffff,89a8acc6ea3ffff,2955259142,2955259166,14.2059,0.19318,elderly
89a8acc6eafffff,89a8acc6eabffff,2955259142,2403004414,15.9851,0.096182,elderly
89a8acc6eafffff,89a8acc6eafffff,2955259142,2955259142,0.6499,0.997397,elderly
89a8acc6eb3ffff,89a8acc6c43ffff,3501190741,3425558055,16.5817,0.070362,elderly
89a8acc6eb3ffff,89a8acc6c4bffff,3501190741,3425557950,15.1077,0.140517,elderly
89a8acc6eb3ffff,89a8acc6c4fffff,3501190741,2955259222,12.6904,0.29493,elderly
89a8acc6eb3ffff,89a8acc6c7bffff,3501190741,2955259207,17.2096,0.047266,elderly
89a8acc6eb3ffff,89a8acc6ea3ffff,3501190741,2955259166,16.9309,0.056985,elderly
89a8acc6eb3ffff,89a8acc6eb3ffff,3501190741,3501190741,1.7687,0.980826,elderly
89a8acc6eb3ffff,89a8acc6eb7ffff,3501190741,2955259190,15.8873,0.100758,elderly
89a8acc6eb3ffff,89a8acc6ebbffff,3501190741,2648475715,18.427,0.015186,elderly
89a8acc6eb7ffff,89a8acc6c43ffff,2955259190,3425558055,17.5036,0.037951,elderly
89a8acc6eb7ffff,89a8acc6c47ffff,2955259190,5653257029,16.9032,0.058001,elderly
89a8acc6eb7ffff,89a8acc6c4bffff,2955259190,3425557950,18.3532,0.016635,elderly
89a8acc6eb7ffff,89a8acc6c4fffff,2955259190,2955259222,9.4049,0.546669,elderly
89a8acc6eb7ffff,89a8acc6c6bffff,2955259190,965038276,13.5129,0.237886,elderly
89a8acc6eb7ffff,89a8acc6c73ffff,2955259190,2336108293,18.7966,0.008906,elderly
89a8acc6eb7ffff,89a8acc6c7bffff,2955259190,2955259207,8.5908,0.609773,elderly
89a8acc6eb7ffff,89a8acc6ea3ffff,2955259190,2955259166,16.0821,0.091734,elderly
89a8acc6eb7ffff,89a8acc6eb3ffff,2955259190,3501190741,15.603,0.114594,elderly
89a8acc6eb7ffff,89a8acc6eb7ffff,2955259190,2955259190,0.5655,0.998029,elderly
89a8acc6ebbffff,89a8acc6e07ffff,2648475715,3107399819,19.1415,0.00454,elderly
89a8acc6ebbffff,89a8acc6e17ffff,2648475715,2648475729,19.1054,0.004928,elderly
89a8acc6ebbffff,89a8acc6e8fffff,2648475715,2639739589,19.2395,0.003564,elderly
89a8acc6ebbffff,89a8acc6ea3ffff,2648475715,2955259166,10.6883,0.446048,elderly
89a8acc6ebbffff,89a8acc6eabffff,2648475715,2403004414,11.5634,0.378439,elderly
89a8acc6ebbffff,89a8acc6eafffff,2648475715,2955259142,11.5542,0.37914,elderly
89a8acc6ebbffff,89a8acc6eb3ffff,2648475715,3501190741,10.2895,0.477273,elderly
89a8acc6ebbffff,89a8acc6eb7ffff,2648475715,2955259190,14.6943,0.163827,elderly
89a8acc6ebbffff,89a8acc6ebbffff,2648475715,2648475715,1.5197,0.985822,elderly
89a8acc6ec7ffff,89a8acc6e13ffff,11378070444,11378070444,5.4494,0.827733,elderly
89a8acc6ec7ffff,89a8acc6e1bffff,11378070444,11378070444,6.494,0.761648,elderly
89a8acc6ec7ffff,89a8acc6ec7ffff,11378070444,11378070444,4.4784,0.881303,elderly
89a8acc6ed7ffff,89a8acc616fffff,4452336172,8356539506,15.2056,0.135215,elderly
89a8acc6ed7ffff,89a8acc6e9bffff,4452336172,2648495024,14.037,0.203763,elderly
89a8acc6ed7ffff,89a8acc6ed7ffff,4452336172,4452336172,7.2043,0.712581,elderly
